DRM+VQC,Perf. Rank (of 112),f1_pm,F1_CI_95%,F1_CI_width,auc_pm,AUC_CI_95%,AUC_CI_width,tpr_pm,fpr_pm,sigma_epi_mean,entropy_mean,ece,deploy_coverage
XGB_PCA4+VQC(ZZ_Feature_Map_style+EfficientSU2_like),1,0.9780 ± 0.0025,"[0.9732, 0.9827]",0.0094,0.9720 ± 0.0060,"[0.9608, 0.9819]",0.021,0.9628 ± 0.0043,0.0250 ± 0.0075,0.0255804040982007,0.924653564379175,0.3114355426045755,1.0
XGB_PCA4+VQC(ZZ_Feature_Map_style+custom_ansatz_1),5,0.9707 ± 0.0027,"[0.9656, 0.9763]",0.0108,0.9436 ± 0.0085,"[0.9270, 0.9595]",0.0325,0.9808 ± 0.0031,0.1609 ± 0.0177,0.0170175919744207,0.9284773988003096,0.3077874314802388,0.983
ICA4+VQC(Custom_H_RY_RZ+EfficientSU2_like),4,0.9685 ± 0.0030,"[0.9631, 0.9746]",0.0115,0.9475 ± 0.0062,"[0.9358, 0.9597]",0.0239,0.9470 ± 0.0054,0.0343 ± 0.0087,0.0224319486854631,0.9697927883012584,0.3053428527799745,0.9115
Autoencoder+VQC(ZZ_Feature_Map_style+custom_ansatz_1),2,0.9675 ± 0.0031,"[0.9615, 0.9731]",0.0117,0.9498 ± 0.0061,"[0.9379, 0.9608]",0.0229,0.9420 ± 0.0056,0.0215 ± 0.0073,0.0216709388281934,0.9621842922596536,0.3511479688420892,1.0
Autoencoder+VQC(ZZ_Feature_Map_style+Real_Amplitude_like),6,0.9621 ± 0.0033,"[0.9559, 0.9679]",0.012,0.9482 ± 0.0053,"[0.9386, 0.9580]",0.0194,0.9300 ± 0.0061,0.0127 ± 0.0057,0.026336698513329,0.9604010016789584,0.3406564507889251,0.98
XGB_PCA4+VQC(ZZ_Feature_Map_style+strongly_entangling),11,0.9569 ± 0.0034,"[0.9506, 0.9631]",0.0124,0.9266 ± 0.0071,"[0.9126, 0.9405]",0.0279,0.9240 ± 0.0063,0.0287 ± 0.0078,0.0398699601168758,0.8544892110969977,0.2251067948723832,0.8535
Autoencoder+VQC(ZZ_Feature_Map_style+EfficientSU2_like),7,0.9548 ± 0.0038,"[0.9478, 0.9615]",0.0137,0.9520 ± 0.0048,"[0.9431, 0.9615]",0.0184,0.9151 ± 0.0069,0.0069 ± 0.0043,0.0308543339815703,0.9862138234735348,0.3693766842414935,0.8865
XGB_PCA4+VQC(ZZ_Feature_Map_style+Real_Amplitude_like),31,0.9529 ± 0.0032,"[0.9465, 0.9595]",0.0129,0.9502 ± 0.0066,"[0.9386, 0.9617]",0.0231,0.9809 ± 0.0033,0.3132 ± 0.0232,0.0207400005274769,0.9293749842567008,0.2746544181786478,0.884
ICA4+VQC(ZZ_Feature_Map_style+EfficientSU2_like),21,0.9528 ± 0.0031,"[0.9473, 0.9589]",0.0116,0.9643 ± 0.0049,"[0.9543, 0.9739]",0.0197,0.9679 ± 0.0039,0.2563 ± 0.0211,0.0344433124024909,0.9114278562556876,0.282044147380193,0.9625
XGB_PCA4+VQC(Custom_H_RY_RZ+strongly_entangling),37,0.9526 ± 0.0031,"[0.9466, 0.9583]",0.0117,0.7707 ± 0.0173,"[0.7362, 0.8041]",0.0679,0.9764 ± 0.0035,0.2957 ± 0.0217,0.0131313402335116,0.9874324963165496,0.3678612961207826,0.0
ICA4+VQC(RY_Angle_Encoding+custom_ansatz_1),16,0.9521 ± 0.0037,"[0.9450, 0.9590]",0.014,0.9189 ± 0.0068,"[0.9062, 0.9325]",0.0263,0.9160 ± 0.0064,0.0327 ± 0.0084,0.0282598288978193,0.8369132010195535,0.3029584794074298,0.0005
ICA4+VQC(ZZ_Feature_Map_style+custom_ansatz_1),17,0.9520 ± 0.0037,"[0.9446, 0.9590]",0.0144,0.9544 ± 0.0049,"[0.9457, 0.9635]",0.0178,0.9159 ± 0.0065,0.0327 ± 0.0084,0.0291792082108541,0.8161672233838299,0.2457708592978615,0.867
ICA4+VQC(RY_Angle_Encoding+Real_Amplitude_like),15,0.9520 ± 0.0037,"[0.9446, 0.9590]",0.0144,0.9196 ± 0.0068,"[0.9069, 0.9334]",0.0265,0.9159 ± 0.0065,0.0327 ± 0.0084,0.0296731892615154,0.8699726600960822,0.3132742364302276,0.001
Autoencoder+VQC(ZZ_Feature_Map_style+strongly_entangling),28,0.9473 ± 0.0038,"[0.9394, 0.9538]",0.0144,0.9241 ± 0.0071,"[0.9107, 0.9383]",0.0276,0.9247 ± 0.0064,0.1111 ± 0.0147,0.0324464626355718,0.9419138707894468,0.2863068930144111,0.6915
ICA4+VQC(Amplitude_Embedding+custom_ansatz_1),29,0.9469 ± 0.0035,"[0.9401, 0.9543]",0.0142,0.9598 ± 0.0055,"[0.9491, 0.9685]",0.0194,0.9415 ± 0.0054,0.1899 ± 0.0186,0.0142599807824628,0.9884866016069388,0.3746922569258139,0.7955
Autoencoder+VQC(Custom_H_RY_RZ+Real_Amplitude_like),30,0.9455 ± 0.0034,"[0.9394, 0.9523]",0.0129,0.7752 ± 0.0167,"[0.7390, 0.8079]",0.0689,0.9534 ± 0.0051,0.2549 ± 0.0203,0.0057047919121231,0.9957436163621946,0.3861553324658423,0.0185
Autoencoder+VQC(IQP_style_encoding+strongly_entangling),32,0.9447 ± 0.0036,"[0.9370, 0.9517]",0.0147,0.9169 ± 0.0077,"[0.9012, 0.9303]",0.0291,0.9474 ± 0.0054,0.2345 ± 0.0218,0.028072227921806,0.9204000930400488,0.2615793359458446,0.595
PCA4+VQC(Custom_H_RY_RZ+Real_Amplitude_like),27,0.9447 ± 0.0039,"[0.9376, 0.9528]",0.0153,0.9066 ± 0.0084,"[0.8903, 0.9220]",0.0317,0.9043 ± 0.0068,0.0407 ± 0.0093,0.0243790166921499,0.9765772112541216,0.32929579969272,0.002
ICA4+VQC(Custom_H_RY_RZ+custom_ansatz_1),46,0.9437 ± 0.0037,"[0.9359, 0.9512]",0.0152,0.8501 ± 0.0110,"[0.8265, 0.8711]",0.0446,0.9503 ± 0.0052,0.2567 ± 0.0214,0.0107088712773862,0.9847572785588352,0.3368697327286005,0.4225
Autoencoder+VQC(IQP_style_encoding+custom_ansatz_1),40,0.9423 ± 0.0035,"[0.9356, 0.9485]",0.0129,0.9079 ± 0.0069,"[0.8956, 0.9215]",0.0259,0.9516 ± 0.0052,0.2742 ± 0.0215,0.0296518801381178,0.9576504563882072,0.2980972960370281,0.023
Autoencoder+VQC(Custom_H_RY_RZ+strongly_entangling),38,0.9388 ± 0.0040,"[0.9315, 0.9465]",0.015,0.8675 ± 0.0120,"[0.8430, 0.8894]",0.0464,0.9180 ± 0.0066,0.1519 ± 0.0167,0.0214735712577398,0.9824201901182454,0.4219221863801281,0.0
Autoencoder+VQC(IQP_style_encoding+Real_Amplitude_like),51,0.9377 ± 0.0037,"[0.9302, 0.9451]",0.0149,0.8714 ± 0.0089,"[0.8547, 0.8874]",0.0327,0.9506 ± 0.0054,0.3102 ± 0.0220,0.0352867869515804,0.9482336826132508,0.2859447810391585,0.015
PCA4+VQC(RY_Angle_Encoding+custom_ansatz_1),43,0.9376 ± 0.0039,"[0.9305, 0.9451]",0.0146,0.9063 ± 0.0072,"[0.8938, 0.9213]",0.0274,0.9237 ± 0.0062,0.1880 ± 0.0183,0.0057060545197381,0.9981158319854836,0.3832613191336393,0.783
PCA4+VQC(RX_Angle_Encoding+strongly_entangling),49,0.9344 ± 0.0039,"[0.9272, 0.9425]",0.0153,0.8848 ± 0.0083,"[0.8699, 0.9022]",0.0324,0.9175 ± 0.0064,0.1867 ± 0.0179,0.0022782220726773,0.9986167525954414,0.3869739316669603,0.9285
PCA4+VQC(RX_Angle_Encoding+custom_ansatz_1),62,0.9339 ± 0.0039,"[0.9263, 0.9420]",0.0157,0.8763 ± 0.0088,"[0.8601, 0.8940]",0.0338,0.9171 ± 0.0064,0.1893 ± 0.0180,0.0028777769927011,0.999368367397829,0.3917168463026483,0.914
PCA4+VQC(RY_Angle_Encoding+strongly_entangling),50,0.9336 ± 0.0040,"[0.9260, 0.9419]",0.0159,0.8872 ± 0.0075,"[0.8737, 0.9027]",0.0289,0.9167 ± 0.0064,0.1897 ± 0.0182,0.0061773975969553,0.9986853898486336,0.3859171195959051,0.837
PCA4+VQC(IQP_style_encoding+Real_Amplitude_like),41,0.9336 ± 0.0040,"[0.9269, 0.9421]",0.0153,0.8980 ± 0.0074,"[0.8849, 0.9118]",0.0269,0.9151 ± 0.0064,0.1819 ± 0.0182,0.0196593037064133,0.9988082753809528,0.385058499293526,0.0005
XGB_PCA4+VQC(Custom_H_RY_RZ+EfficientSU2_like),36,0.9334 ± 0.0034,"[0.9280, 0.9410]",0.0131,0.8083 ± 0.0147,"[0.7772, 0.8366]",0.0594,0.9765 ± 0.0036,0.4659 ± 0.0258,0.0169677909849656,0.991404252334149,0.3837594968860348,0.0025
ICA4+VQC(ZZ_Feature_Map_style+Real_Amplitude_like),44,0.9325 ± 0.0036,"[0.9261, 0.9393]",0.0132,0.9443 ± 0.0054,"[0.9343, 0.9551]",0.0209,0.9428 ± 0.0053,0.3191 ± 0.0220,0.018554263758376,0.9638273790972705,0.2983275206898648,0.856
Autoencoder+VQC(Custom_H_RY_RZ+EfficientSU2_like),23,0.9320 ± 0.0033,"[0.9258, 0.9378]",0.012,0.9525 ± 0.0058,"[0.9396, 0.9624]",0.0229,0.9725 ± 0.0041,0.4606 ± 0.0243,0.0187875482993475,0.9844697897747348,0.3116550932059685,0.7985
ICA4+VQC(IQP_style_encoding+custom_ansatz_1),9,0.9291 ± 0.0042,"[0.9204, 0.9377]",0.0173,0.9550 ± 0.0046,"[0.9465, 0.9636]",0.0171,0.9226 ± 0.0062,0.2551 ± 0.0214,0.0226710463747614,0.9099817643726844,0.3248180212932328,0.964
XGB_PCA4+VQC(Amplitude_Embedding+custom_ansatz_1),67,0.9291 ± 0.0042,"[0.9206, 0.9372]",0.0166,0.7799 ± 0.0140,"[0.7535, 0.8084]",0.0549,0.9268 ± 0.0061,0.2746 ± 0.0215,0.0121243055754807,0.8427919449143799,0.2347659819552054,0.0
XGB_PCA4+VQC(IQP_style_encoding+Real_Amplitude_like),55,0.9287 ± 0.0026,"[0.9236, 0.9340]",0.0104,0.7460 ± 0.0208,"[0.7035, 0.7893]",0.0858,0.9992 ± 0.0007,0.6146 ± 0.0241,0.0105986493324216,0.952279823384214,0.2729122152651349,0.0
PCA4+VQC(Amplitude_Embedding+custom_ansatz_1),73,0.9261 ± 0.0043,"[0.9172, 0.9343]",0.017,0.6799 ± 0.0210,"[0.6384, 0.7193]",0.0809,0.9273 ± 0.0062,0.3032 ± 0.0234,0.0306858651792153,0.9948438712735732,0.3395388589898745,0.0005
Autoencoder+VQC(RY_Angle_Encoding+EfficientSU2_like),74,0.9254 ± 0.0043,"[0.9170, 0.9335]",0.0166,0.6970 ± 0.0205,"[0.6544, 0.7348]",0.0803,0.9259 ± 0.0062,0.3026 ± 0.0219,0.0342940834476605,0.9841402468495036,0.3086834575626378,0.01
Autoencoder+VQC(RX_Angle_Encoding+strongly_entangling),76,0.9254 ± 0.0034,"[0.9185, 0.9317]",0.0132,0.7100 ± 0.0205,"[0.6670, 0.7497]",0.0828,0.9702 ± 0.0042,0.5096 ± 0.0244,0.007718807203398,0.9897904879161492,0.3715872063840429,0.007
Autoencoder+VQC(IQP_style_encoding+EfficientSU2_like),39,0.9253 ± 0.0037,"[0.9182, 0.9320]",0.0138,0.9197 ± 0.0073,"[0.9051, 0.9346]",0.0295,0.9521 ± 0.0052,0.4262 ± 0.0240,0.0322106526551103,0.9794909626880236,0.3304795351187388,0.0035
Autoencoder+VQC(RX_Angle_Encoding+EfficientSU2_like),75,0.9252 ± 0.0043,"[0.9167, 0.9342]",0.0175,0.6928 ± 0.0206,"[0.6523, 0.7298]",0.0775,0.9264 ± 0.0062,0.3071 ± 0.0222,0.0121664963628317,0.9762401764714658,0.3767166684735566,0.017
Autoencoder+VQC(RY_Angle_Encoding+Real_Amplitude_like),58,0.9216 ± 0.0023,"[0.9169, 0.9260]",0.009,0.7378 ± 0.0209,"[0.6943, 0.7804]",0.0862,0.9993 ± 0.0007,0.6810 ± 0.0220,0.0252747056915032,0.9919985878718156,0.3568958096809684,0.061
Autoencoder+VQC(RY_Angle_Encoding+custom_ansatz_1),57,0.9198 ± 0.0023,"[0.9148, 0.9241]",0.0093,0.7566 ± 0.0193,"[0.7113, 0.7891]",0.0778,0.9992 ± 0.0006,0.6982 ± 0.0223,0.0075063104921708,0.9959103721470324,0.369324747771273,0.0535
PCA4+VQC(RY_Angle_Encoding+Real_Amplitude_like),52,0.9191 ± 0.0042,"[0.9105, 0.9272]",0.0167,0.8943 ± 0.0072,"[0.8823, 0.9092]",0.0269,0.9202 ± 0.0062,0.3313 ± 0.0250,0.0082509226058892,0.998796628361298,0.3627153860638539,0.7565
PCA4+VQC(ZZ_Feature_Map_style+custom_ansatz_1),8,0.9191 ± 0.0025,"[0.9146, 0.9242]",0.0096,0.9535 ± 0.0066,"[0.9401, 0.9655]",0.0254,0.9940 ± 0.0019,0.6803 ± 0.0221,0.0198795163849082,0.9747471819827432,0.3467458469361066,0.3375
PCA4+VQC(IQP_style_encoding+strongly_entangling),42,0.9143 ± 0.0047,"[0.9055, 0.9243]",0.0188,0.8915 ± 0.0082,"[0.8760, 0.9066]",0.0306,0.8816 ± 0.0075,0.1882 ± 0.0186,0.0132554560016109,0.985041169141302,0.3378521128118037,0.0005
PCA4+VQC(RX_Angle_Encoding+Real_Amplitude_like),83,0.9128 ± 0.0024,"[0.9072, 0.9174]",0.0103,0.8674 ± 0.0094,"[0.8494, 0.8873]",0.0378,0.9963 ± 0.0015,0.7519 ± 0.0213,0.0018218278725245,0.9989421690351192,0.3332823083167274,0.753
ICA4+VQC(RX_Angle_Encoding+strongly_entangling),69,0.9116 ± 0.0043,"[0.9031, 0.9205]",0.0175,0.6981 ± 0.0202,"[0.6552, 0.7404]",0.0852,0.9272 ± 0.0062,0.4306 ± 0.0233,0.0016796667045692,0.8050016992402889,0.1982075586475432,0.0015
ICA4+VQC(RY_Angle_Encoding+strongly_entangling),65,0.9116 ± 0.0043,"[0.9033, 0.9205]",0.0172,0.6983 ± 0.0203,"[0.6554, 0.7406]",0.0852,0.9271 ± 0.0062,0.4302 ± 0.0233,0.0227706877759892,0.8681658344140935,0.2336936668567359,0.0015
ICA4+VQC(RX_Angle_Encoding+Real_Amplitude_like),47,0.9107 ± 0.0043,"[0.9023, 0.9191]",0.0168,0.9053 ± 0.0071,"[0.8930, 0.9203]",0.0273,0.9241 ± 0.0062,0.4236 ± 0.0238,0.0006007038078428,0.935860452573887,0.2966137497832377,0.0005
ICA4+VQC(RX_Angle_Encoding+custom_ansatz_1),48,0.9107 ± 0.0043,"[0.9023, 0.9191]",0.0168,0.9054 ± 0.0071,"[0.8930, 0.9203]",0.0272,0.9241 ± 0.0062,0.4236 ± 0.0238,0.0008624920744337,0.9359795893314348,0.2924941728358467,0.0005
ICA4+VQC(RX_Angle_Encoding+EfficientSU2_like),61,0.9095 ± 0.0043,"[0.9015, 0.9183]",0.0168,0.7741 ± 0.0148,"[0.7456, 0.8063]",0.0606,0.9274 ± 0.0062,0.4511 ± 0.0241,0.0043878275771843,0.7319494695093527,0.1618015788992245,0.242
ICA4+VQC(RY_Angle_Encoding+EfficientSU2_like),64,0.9087 ± 0.0044,"[0.9012, 0.9169]",0.0156,0.7586 ± 0.0161,"[0.7248, 0.7935]",0.0686,0.9281 ± 0.0062,0.4606 ± 0.0239,0.0059509266170507,0.6945128945354392,0.1093549605011938,0.2055
XGB_PCA4+VQC(Custom_H_RY_RZ+Real_Amplitude_like),35,0.8916 ± 0.0014,"[0.8885, 0.8941]",0.0056,0.9554 ± 0.0068,"[0.9411, 0.9684]",0.0273,0.9942 ± 0.0019,0.9503 ± 0.0111,0.0155858103919159,0.9989376110301152,0.4418304467146595,0.6145
ICA4+VQC(Amplitude_Embedding+strongly_entangling),53,0.8895 ± 0.0003,"[0.8889, 0.8902]",0.0014,0.8827 ± 0.0079,"[0.8683, 0.8984]",0.0301,0.9997 ± 0.0004,0.9983 ± 0.0022,0.0087749037881107,0.7962128112254346,0.0420680503615799,0.78
XGB_PCA4+VQC(IQP_style_encoding+custom_ansatz_1),60,0.8895 ± 0.0000,"[0.8895, 0.8895]",0.0,0.7157 ± 0.0212,"[0.6770, 0.7563]",0.0793,1.0000 ± 0.0000,1.0000 ± 0.0000,0.006247394594056,0.9984810641475744,0.3511015413795908,0.0
XGB_PCA4+VQC(IQP_style_encoding+strongly_entangling),72,0.8895 ± 0.0000,"[0.8895, 0.8895]",0.0,0.7608 ± 0.0193,"[0.7221, 0.8026]",0.0805,1.0000 ± 0.0000,1.0000 ± 0.0000,0.0144954679579943,0.9998273132779428,0.3033831364174683,0.0
XGB_PCA4+VQC(IQP_style_encoding+EfficientSU2_like),59,0.8895 ± 0.0000,"[0.8895, 0.8895]",0.0,0.7770 ± 0.0181,"[0.7380, 0.8143]",0.0764,1.0000 ± 0.0000,1.0000 ± 0.0000,0.0211185933566565,0.9989157499042624,0.3861548456609249,0.0
XGB_PCA4+VQC(Amplitude_Embedding+Real_Amplitude_like),66,0.8796 ± 0.0058,"[0.8680, 0.8903]",0.0223,0.7486 ± 0.0164,"[0.7142, 0.7849]",0.0707,0.8359 ± 0.0091,0.2607 ± 0.0216,0.0133780771129747,0.8342004672320936,0.2611501856454958,0.0
XGB_PCA4+VQC(Custom_H_RY_RZ+custom_ansatz_1),33,0.8274 ± 0.0056,"[0.8174, 0.8382]",0.0208,0.9585 ± 0.0070,"[0.9444, 0.9713]",0.0269,0.7105 ± 0.0079,0.0279 ± 0.0081,0.0060368566832013,0.9982604216183272,0.3882176375533144,0.602
Autoencoder+VQC(RY_Angle_Encoding+strongly_entangling),77,0.7082 ± 0.0070,"[0.6935, 0.7213]",0.0278,0.6359 ± 0.0201,"[0.5958, 0.6739]",0.0781,0.6011 ± 0.0087,0.3879 ± 0.0227,0.0114194204268313,0.9934139291900808,0.3241405291030804,0.001
XGB_PCA4+VQC(Amplitude_Embedding+EfficientSU2_like),68,0.6480 ± 0.0077,"[0.6324, 0.6638]",0.0314,0.7337 ± 0.0177,"[0.6955, 0.7706]",0.0751,0.5094 ± 0.0084,0.2523 ± 0.0213,0.0219385923249593,0.9138962660783744,0.3290143712849667,0.0
PCA4+VQC(ZZ_Feature_Map_style+Real_Amplitude_like),24,0.4808 ± 0.0079,"[0.4651, 0.4956]",0.0305,0.9244 ± 0.0076,"[0.9106, 0.9395]",0.0289,0.3177 ± 0.0069,0.0146 ± 0.0059,0.0114836266129645,0.9936786552658704,0.3603344452162584,0.0
Autoencoder+VQC(Custom_H_RY_RZ+custom_ansatz_1),34,0.1226 ± 0.0084,"[0.1073, 0.1380]",0.0307,0.7396 ± 0.0188,"[0.7034, 0.7741]",0.0707,0.0692 ± 0.0051,0.2378 ± 0.0196,0.0024339994974215,0.9984052034889256,0.3892937949536989,0.023
Autoencoder+VQC(RX_Angle_Encoding+custom_ansatz_1),63,0.1165 ± 0.0103,"[0.0965, 0.1359]",0.0394,0.7341 ± 0.0199,"[0.6922, 0.7669]",0.0747,0.0657 ± 0.0062,0.2503 ± 0.0209,0.0103897461771158,0.995445130926111,0.3293792096691826,0.138
Autoencoder+VQC(RX_Angle_Encoding+Real_Amplitude_like),71,0.1078 ± 0.0105,"[0.0876, 0.1271]",0.0395,0.7065 ± 0.0200,"[0.6608, 0.7413]",0.0805,0.0582 ± 0.0060,0.0868 ± 0.0138,0.0067753999099917,0.990980764387518,0.3585109194127222,0.119
ICA4+VQC(Custom_H_RY_RZ+Real_Amplitude_like),56,0.0454 ± 0.0065,"[0.0331, 0.0570]",0.0239,0.9404 ± 0.0060,"[0.9302, 0.9533]",0.0231,0.0232 ± 0.0034,0.0029 ± 0.0028,0.0142541331744974,0.9921433997204082,0.3230423165207108,0.0005
ICA4+VQC(Amplitude_Embedding+Real_Amplitude_like),18,0.0092 ± 0.0034,"[0.0037, 0.0161]",0.0124,0.9653 ± 0.0055,"[0.9543, 0.9744]",0.02,0.0046 ± 0.0017,0.0049 ± 0.0034,0.0145725794507009,0.9989456715430384,0.4198301466204848,0.0
XGB_PCA4+VQC(Amplitude_Embedding+strongly_entangling),70,0.0020 ± 0.0014,"[0.0000, 0.0050]",0.005,0.6933 ± 0.0200,"[0.6514, 0.7346]",0.0832,0.0010 ± 0.0007,0.0195 ± 0.0067,0.0130116305622557,0.7098421942879649,0.5829263047386581,0.0
PCA4+VQC(Custom_H_RY_RZ+EfficientSU2_like),19,0.0017 ± 0.0013,"[0.0000, 0.0050]",0.005,0.9054 ± 0.0085,"[0.8905, 0.9227]",0.0322,0.0009 ± 0.0007,0.0058 ± 0.0035,0.0273695532202986,0.9960914084277618,0.3189429365292192,0.0
PCA4+VQC(IQP_style_encoding+custom_ansatz_1),45,0.0012 ± 0.0012,"[0.0000, 0.0037]",0.0037,0.8884 ± 0.0085,"[0.8723, 0.9054]",0.0331,0.0006 ± 0.0006,0.0138 ± 0.0056,0.0039626961158684,0.9995354623646294,0.3102043788030744,0.0
PCA4+VQC(Custom_H_RY_RZ+custom_ansatz_1),20,0.0011 ± 0.0010,"[0.0000, 0.0037]",0.0037,0.9113 ± 0.0081,"[0.8965, 0.9270]",0.0305,0.0005 ± 0.0005,0.0082 ± 0.0047,0.0099507626110522,0.9972833396137508,0.4193067474494378,0.0
ICA4+VQC(Custom_H_RY_RZ+strongly_entangling),54,0.0010 ± 0.0011,"[0.0000, 0.0037]",0.0037,0.8094 ± 0.0161,"[0.7744, 0.8448]",0.0704,0.0005 ± 0.0005,0.0000 ± 0.0000,0.0137284144615131,0.962998684256036,0.4467644873917103,0.124
PCA4+VQC(Amplitude_Embedding+Real_Amplitude_like),85,0.0007 ± 0.0009,"[0.0000, 0.0025]",0.0025,0.6720 ± 0.0210,"[0.6304, 0.7149]",0.0845,0.0003 ± 0.0005,0.0058 ± 0.0034,0.0205314015611859,0.7271761780431957,0.5976292444643875,0.0005
PCA4+VQC(Amplitude_Embedding+EfficientSU2_like),89,0.0003 ± 0.0006,"[0.0000, 0.0012]",0.0012,0.6622 ± 0.0211,"[0.6211, 0.7072]",0.0861,0.0001 ± 0.0003,0.0011 ± 0.0017,0.0106952466138628,0.5068646449108519,0.6879717640643319,0.0
ICA4+VQC(IQP_style_encoding+EfficientSU2_like),3,0.0000 ± 0.0000,"[0.0000, 0.0000]",0.0,0.9130 ± 0.0103,"[0.8886, 0.9323]",0.0436,0.0000 ± 0.0000,0.0000 ± 0.0000,0.019384278264079,0.9880382969715517,0.3375248442530631,0.089
ICA4+VQC(IQP_style_encoding+Real_Amplitude_like),10,0.0000 ± 0.0000,"[0.0000, 0.0000]",0.0,0.9508 ± 0.0055,"[0.9409, 0.9622]",0.0213,0.0000 ± 0.0000,0.0009 ± 0.0014,0.0135153222806774,0.9783954060967156,0.2968979905813932,0.08
PCA4+VQC(Custom_H_RY_RZ+strongly_entangling),13,0.0000 ± 0.0000,"[0.0000, 0.0000]",0.0,0.9492 ± 0.0062,"[0.9375, 0.9604]",0.0229,0.0000 ± 0.0000,0.0005 ± 0.0011,0.0135599080903289,0.9990135169698328,0.3184350893219311,0.064
PCA4+VQC(ZZ_Feature_Map_style+EfficientSU2_like),12,0.0000 ± 0.0000,"[0.0000, 0.0000]",0.0,0.9440 ± 0.0065,"[0.9318, 0.9568]",0.025,0.0000 ± 0.0000,0.0000 ± 0.0000,0.013240340765188,0.9986570051640624,0.3551082155952851,0.0105
PCA4+VQC(IQP_style_encoding+EfficientSU2_like),26,0.0000 ± 0.0000,"[0.0000, 0.0000]",0.0,0.9059 ± 0.0081,"[0.8913, 0.9196]",0.0283,0.0000 ± 0.0000,0.0000 ± 0.0000,0.0251694277479845,0.9987660108092882,0.2826631322026252,0.002
PCA4+VQC(ZZ_Feature_Map_style+strongly_entangling),25,0.0000 ± 0.0000,"[0.0000, 0.0000]",0.0,0.9102 ± 0.0078,"[0.8962, 0.9267]",0.0305,0.0000 ± 0.0000,0.0000 ± 0.0000,0.0159535951823749,0.9856995454179118,0.3392259066969156,0.0005
ICA4+VQC(IQP_style_encoding+strongly_entangling),22,0.0000 ± 0.0000,"[0.0000, 0.0000]",0.0,0.9728 ± 0.0043,"[0.9646, 0.9808]",0.0162,0.0000 ± 0.0000,0.0000 ± 0.0000,0.0182392731729702,0.9990137334682418,0.3785762286956112,0.0005
ICA4+VQC(ZZ_Feature_Map_style+strongly_entangling),14,0.0000 ± 0.0000,"[0.0000, 0.0000]",0.0,0.9520 ± 0.0047,"[0.9434, 0.9609]",0.0175,0.0000 ± 0.0000,0.0000 ± 0.0000,0.0250139594490065,0.9878564090252828,0.2915668086618184,0.0
