DRM+VQC(Encoding+Ansatz),DRM,feature_set,train_size,ansatz,encoding,threshold,TP,TN,FP,FN,TPR_point,FPR_point,elapsed_s,gpu_id,accuracy_mean_B,accuracy_std_B,accuracy_ci_low_B,accuracy_ci_high_B,accuracy_ci_width_B,accuracy_pm_B,accuracy_ci_str_B,f1_mean_B,f1_std_B,f1_ci_low_B,f1_ci_high_B,f1_ci_width_B,f1_pm_B,f1_ci_str_B,auc_mean_B,auc_std_B,auc_ci_low_B,auc_ci_high_B,auc_ci_width_B,auc_pm_B,auc_ci_str_B,tpr_mean_B,tpr_std_B,tpr_ci_low_B,tpr_ci_high_B,tpr_ci_width_B,tpr_pm_B,tpr_ci_str_B,fpr_mean_B,fpr_std_B,fpr_ci_low_B,fpr_ci_high_B,fpr_ci_width_B,fpr_pm_B,fpr_ci_str_B,prec_mean_B,prec_std_B,prec_ci_low_B,prec_ci_high_B,prec_ci_width_B,prec_pm_B,prec_ci_str_B,n_subsets,n_valid,subset_size
Autoencoder+VQC(RY_Angle_Encoding+EfficientSU2_like),Autoencoder,autoencoder,5000,EfficientSU2_like,RY_Angle_Encoding,0.5299999999999999,1457,531,2,10,0.9931833674164964,0.0037523452157598,91.1,5,0.9958,0.0014,0.9925,0.998,0.0055,0.9958 ± 0.0014,"[0.9925, 0.9980]",0.9971,0.001,0.9949,0.9986,0.0038,0.9971 ± 0.0010,"[0.9949, 0.9986]",0.9961,0.0021,0.9912,0.9992,0.008,0.9961 ± 0.0021,"[0.9912, 0.9992]",0.9961,0.0016,0.9918,0.9986,0.0068,0.9961 ± 0.0016,"[0.9918, 0.9986]",0.0049,0.0031,0.0,0.0113,0.0113,0.0049 ± 0.0031,"[0.0000, 0.0113]",0.9982,0.0011,0.9959,1.0,0.0041,0.9982 ± 0.0011,"[0.9959, 1.0000]",200,200,2000
Autoencoder+VQC(RX_Angle_Encoding+EfficientSU2_like),Autoencoder,autoencoder,5000,EfficientSU2_like,RX_Angle_Encoding,0.5249999999999999,1448,531,2,19,0.9870483980913428,0.0037523452157598,100.0,4,0.9926,0.002,0.9885,0.996,0.0075,0.9926 ± 0.0020,"[0.9885, 0.9960]",0.995,0.0014,0.9921,0.9973,0.0052,0.9950 ± 0.0014,"[0.9921, 0.9973]",0.9961,0.0015,0.9925,0.9986,0.0061,0.9961 ± 0.0015,"[0.9925, 0.9986]",0.9925,0.0023,0.9877,0.9966,0.0089,0.9925 ± 0.0023,"[0.9877, 0.9966]",0.007,0.0037,0.0019,0.0151,0.0132,0.0070 ± 0.0037,"[0.0019, 0.0151]",0.9974,0.0013,0.9945,0.9993,0.0048,0.9974 ± 0.0013,"[0.9945, 0.9993]",200,200,2000
Autoencoder+VQC(RY_Angle_Encoding+Real_Amplitude_like),Autoencoder,autoencoder,5000,Real_Amplitude_like,RY_Angle_Encoding,0.5449999999999999,1447,531,2,20,0.9863667348329924,0.0037523452157598,86.6,4,0.9902,0.0024,0.9855,0.9945,0.009,0.9902 ± 0.0024,"[0.9855, 0.9945]",0.9933,0.0017,0.99,0.9963,0.0062,0.9933 ± 0.0017,"[0.9900, 0.9963]",0.9926,0.0025,0.9873,0.9964,0.0091,0.9926 ± 0.0025,"[0.9873, 0.9964]",0.9886,0.0031,0.9816,0.9939,0.0123,0.9886 ± 0.0031,"[0.9816, 0.9939]",0.0052,0.0032,0.0,0.0113,0.0113,0.0052 ± 0.0032,"[0.0000, 0.0113]",0.9981,0.0012,0.9959,1.0,0.0041,0.9981 ± 0.0012,"[0.9959, 1.0000]",200,200,2000
Autoencoder+VQC(RY_Angle_Encoding+strongly_entangling),Autoencoder,autoencoder,5000,strongly_entangling,RY_Angle_Encoding,0.5299999999999999,1447,530,3,20,0.9863667348329924,0.0056285178236397,81.3,7,0.9879,0.0026,0.9825,0.9925,0.01,0.9879 ± 0.0026,"[0.9825, 0.9925]",0.9917,0.0018,0.988,0.9949,0.0069,0.9917 ± 0.0018,"[0.9880, 0.9949]",0.9935,0.0021,0.9887,0.9972,0.0085,0.9935 ± 0.0021,"[0.9887, 0.9972]",0.9891,0.003,0.9823,0.9939,0.0116,0.9891 ± 0.0030,"[0.9823, 0.9939]",0.0155,0.0049,0.0075,0.0244,0.0169,0.0155 ± 0.0049,"[0.0075, 0.0244]",0.9943,0.0018,0.9911,0.9973,0.0062,0.9943 ± 0.0018,"[0.9911, 0.9973]",200,200,2000
Autoencoder+VQC(RY_Angle_Encoding+custom_ansatz_1),Autoencoder,autoencoder,5000,custom_ansatz_1,RY_Angle_Encoding,0.5099999999999999,1441,527,6,26,0.9822767552828904,0.0112570356472795,91.0,6,0.9873,0.0026,0.9815,0.9915,0.01,0.9873 ± 0.0026,"[0.9815, 0.9915]",0.9913,0.0018,0.9873,0.9942,0.0069,0.9913 ± 0.0018,"[0.9873, 0.9942]",0.991,0.0029,0.9843,0.9953,0.0109,0.9910 ± 0.0029,"[0.9843, 0.9953]",0.9879,0.0032,0.9809,0.9939,0.013,0.9879 ± 0.0032,"[0.9809, 0.9939]",0.0146,0.0053,0.0056,0.0244,0.0188,0.0146 ± 0.0053,"[0.0056, 0.0244]",0.9947,0.0019,0.991,0.9979,0.0069,0.9947 ± 0.0019,"[0.9910, 0.9979]",200,200,2000
XGB_PCA4+VQC(RY_Angle_Encoding+Real_Amplitude_like),XGB_PCA4,xgb_pca4,5000,Real_Amplitude_like,RY_Angle_Encoding,0.5049999999999999,1433,532,1,34,0.9768234492160872,0.0018761726078799,89.7,7,0.9854,0.0029,0.98,0.9905,0.0105,0.9854 ± 0.0029,"[0.9800, 0.9905]",0.99,0.002,0.9862,0.9935,0.0073,0.9900 ± 0.0020,"[0.9862, 0.9935]",0.9888,0.0028,0.9823,0.994,0.0116,0.9888 ± 0.0028,"[0.9823, 0.9940]",0.9802,0.0039,0.9727,0.987,0.0143,0.9802 ± 0.0039,"[0.9727, 0.9870]",0.0003,0.0008,0.0,0.0019,0.0019,0.0003 ± 0.0008,"[0.0000, 0.0019]",0.9999,0.0003,0.9993,1.0,0.0007,0.9999 ± 0.0003,"[0.9993, 1.0000]",200,200,2000
Autoencoder+VQC(RX_Angle_Encoding+strongly_entangling),Autoencoder,autoencoder,5000,strongly_entangling,RX_Angle_Encoding,0.5099999999999999,1438,520,13,29,0.9802317655078392,0.024390243902439,81.4,6,0.9826,0.003,0.9765,0.9875,0.011,0.9826 ± 0.0030,"[0.9765, 0.9875]",0.9881,0.0021,0.9839,0.9914,0.0076,0.9881 ± 0.0021,"[0.9839, 0.9914]",0.9925,0.0022,0.9881,0.996,0.0079,0.9925 ± 0.0022,"[0.9881, 0.9960]",0.9838,0.0035,0.9761,0.9898,0.0136,0.9838 ± 0.0035,"[0.9761, 0.9898]",0.0208,0.0059,0.0113,0.0319,0.0206,0.0208 ± 0.0059,"[0.0113, 0.0319]",0.9924,0.0021,0.9883,0.9959,0.0076,0.9924 ± 0.0021,"[0.9883, 0.9959]",200,200,2000
Autoencoder+VQC(Custom_H_RY_RZ+EfficientSU2_like),Autoencoder,autoencoder,5000,EfficientSU2_like,Custom_H_RY_RZ,0.5199999999999999,1452,497,36,15,0.9897750511247444,0.0675422138836773,120.7,7,0.9743,0.0037,0.966,0.9815,0.0155,0.9743 ± 0.0037,"[0.9660, 0.9815]",0.9826,0.0025,0.977,0.9874,0.0104,0.9826 ± 0.0025,"[0.9770, 0.9874]",0.9497,0.0082,0.9334,0.9658,0.0324,0.9497 ± 0.0082,"[0.9334, 0.9658]",0.988,0.0029,0.9816,0.9939,0.0123,0.9880 ± 0.0029,"[0.9816, 0.9939]",0.0632,0.0111,0.0431,0.0882,0.0451,0.0632 ± 0.0111,"[0.0431, 0.0882]",0.9773,0.0039,0.9685,0.9844,0.0159,0.9773 ± 0.0039,"[0.9685, 0.9844]",200,200,2000
Autoencoder+VQC(IQP_style_encoding+EfficientSU2_like),Autoencoder,autoencoder,5000,EfficientSU2_like,IQP_style_encoding,0.5299999999999999,1429,504,29,38,0.9740967961826856,0.0544090056285178,133.2,4,0.9698,0.0036,0.962,0.9765,0.0145,0.9698 ± 0.0036,"[0.9620, 0.9765]",0.9794,0.0025,0.9742,0.984,0.0098,0.9794 ± 0.0025,"[0.9742, 0.9840]",0.9925,0.0016,0.9892,0.9954,0.0062,0.9925 ± 0.0016,"[0.9892, 0.9954]",0.9792,0.0037,0.9714,0.9864,0.015,0.9792 ± 0.0037,"[0.9714, 0.9864]",0.0558,0.0095,0.0375,0.0788,0.0413,0.0558 ± 0.0095,"[0.0375, 0.0788]",0.9797,0.0034,0.9716,0.9863,0.0146,0.9797 ± 0.0034,"[0.9716, 0.9863]",200,200,2000
XGB_PCA4+VQC(IQP_style_encoding+Real_Amplitude_like),XGB_PCA4,xgb_pca4,5000,Real_Amplitude_like,IQP_style_encoding,0.4699999999999999,1403,529,4,64,0.956373551465576,0.0075046904315197,131.5,6,0.9738,0.0036,0.9665,0.9805,0.014,0.9738 ± 0.0036,"[0.9665, 0.9805]",0.982,0.0025,0.9769,0.9866,0.0097,0.9820 ± 0.0025,"[0.9769, 0.9866]",0.9863,0.0027,0.9795,0.991,0.0114,0.9863 ± 0.0027,"[0.9795, 0.9910]",0.9734,0.004,0.9652,0.9809,0.0157,0.9734 ± 0.0040,"[0.9652, 0.9809]",0.0254,0.0075,0.0131,0.0413,0.0282,0.0254 ± 0.0075,"[0.0131, 0.0413]",0.9906,0.0027,0.9847,0.9951,0.0104,0.9906 ± 0.0027,"[0.9847, 0.9951]",200,200,2000
Autoencoder+VQC(Amplitude_Embedding+custom_ansatz_1),Autoencoder,autoencoder,5000,custom_ansatz_1,Amplitude_Embedding,0.5049999999999999,1454,473,60,13,0.9911383776414452,0.1125703564727955,77.4,4,0.9629,0.0044,0.954,0.9705,0.0165,0.9629 ± 0.0044,"[0.9540, 0.9705]",0.9751,0.0029,0.9692,0.9801,0.0109,0.9751 ± 0.0029,"[0.9692, 0.9801]",0.9446,0.0087,0.9286,0.9625,0.0339,0.9446 ± 0.0087,"[0.9286, 0.9625]",0.9883,0.0029,0.9823,0.9939,0.0116,0.9883 ± 0.0029,"[0.9823, 0.9939]",0.107,0.0149,0.0807,0.137,0.0563,0.1070 ± 0.0149,"[0.0807, 0.1370]",0.9622,0.0051,0.9523,0.9712,0.0189,0.9622 ± 0.0051,"[0.9523, 0.9712]",200,200,2000
Autoencoder+VQC(Custom_H_RY_RZ+custom_ansatz_1),Autoencoder,autoencoder,5000,custom_ansatz_1,Custom_H_RY_RZ,0.5149999999999999,1422,504,29,45,0.9693251533742332,0.0544090056285178,110.7,4,0.922,0.0058,0.912,0.9326,0.0206,0.9220 ± 0.0058,"[0.9120, 0.9326]",0.9443,0.0044,0.9366,0.9521,0.0155,0.9443 ± 0.0044,"[0.9366, 0.9521]",0.983,0.0026,0.9781,0.9877,0.0096,0.9830 ± 0.0026,"[0.9781, 0.9877]",0.9024,0.0075,0.8875,0.9149,0.0274,0.9024 ± 0.0075,"[0.8875, 0.9149]",0.0242,0.0068,0.0131,0.0394,0.0263,0.0242 ± 0.0068,"[0.0131, 0.0394]",0.9904,0.0027,0.9841,0.9948,0.0106,0.9904 ± 0.0027,"[0.9841, 0.9948]",200,200,2000
Autoencoder+VQC(Amplitude_Embedding+Real_Amplitude_like),Autoencoder,autoencoder,5000,Real_Amplitude_like,Amplitude_Embedding,0.5049999999999999,1449,477,56,18,0.9877300613496932,0.1050656660412758,84.6,6,0.9636,0.0043,0.9545,0.9715,0.017,0.9636 ± 0.0043,"[0.9545, 0.9715]",0.9755,0.0029,0.9695,0.9808,0.0113,0.9755 ± 0.0029,"[0.9695, 0.9808]",0.9494,0.0081,0.9339,0.9651,0.0312,0.9494 ± 0.0081,"[0.9339, 0.9651]",0.9867,0.0031,0.9796,0.9925,0.013,0.9867 ± 0.0031,"[0.9796, 0.9925]",0.1001,0.0142,0.0768,0.1276,0.0508,0.1001 ± 0.0142,"[0.0768, 0.1276]",0.9645,0.0049,0.9552,0.9725,0.0172,0.9645 ± 0.0049,"[0.9552, 0.9725]",200,200,2000
XGB_PCA4+VQC(RX_Angle_Encoding+Real_Amplitude_like),XGB_PCA4,xgb_pca4,5000,Real_Amplitude_like,RX_Angle_Encoding,0.5249999999999999,1420,498,35,47,0.9679618268575324,0.0656660412757973,94.6,6,0.9667,0.0042,0.958,0.9745,0.0165,0.9667 ± 0.0042,"[0.9580, 0.9745]",0.9772,0.0029,0.9711,0.9826,0.0115,0.9772 ± 0.0029,"[0.9711, 0.9826]",0.9791,0.0035,0.971,0.985,0.014,0.9791 ± 0.0035,"[0.9710, 0.9850]",0.9721,0.0046,0.9625,0.9802,0.0177,0.9721 ± 0.0046,"[0.9625, 0.9802]",0.0482,0.0091,0.0318,0.0675,0.0357,0.0482 ± 0.0091,"[0.0318, 0.0675]",0.9823,0.0033,0.9755,0.9883,0.0128,0.9823 ± 0.0033,"[0.9755, 0.9883]",200,200,2000
Autoencoder+VQC(Amplitude_Embedding+strongly_entangling),Autoencoder,autoencoder,5000,strongly_entangling,Amplitude_Embedding,0.4999999999999999,1457,452,81,10,0.9931833674164964,0.1519699812382739,77.4,5,0.9513,0.0046,0.943,0.96,0.017,0.9513 ± 0.0046,"[0.9430, 0.9600]",0.9677,0.003,0.9624,0.9733,0.0109,0.9677 ± 0.0030,"[0.9624, 0.9733]",0.9333,0.0092,0.9157,0.9514,0.0357,0.9333 ± 0.0092,"[0.9157, 0.9514]",0.9935,0.002,0.9891,0.9973,0.0082,0.9935 ± 0.0020,"[0.9891, 0.9973]",0.165,0.0169,0.1331,0.1951,0.062,0.1650 ± 0.0169,"[0.1331, 0.1951]",0.9431,0.0055,0.9334,0.9536,0.0201,0.9431 ± 0.0055,"[0.9334, 0.9536]",200,200,2000
Autoencoder+VQC(ZZ_Feature_Map_style+custom_ansatz_1),Autoencoder,autoencoder,5000,custom_ansatz_1,ZZ_Feature_Map_style,0.5149999999999999,1411,490,43,56,0.961826857532379,0.0806754221388367,129.1,6,0.9583,0.0043,0.949,0.9665,0.0175,0.9583 ± 0.0043,"[0.9490, 0.9665]",0.9715,0.003,0.9649,0.9771,0.0122,0.9715 ± 0.0030,"[0.9649, 0.9771]",0.9868,0.0021,0.9828,0.9904,0.0076,0.9868 ± 0.0021,"[0.9828, 0.9904]",0.967,0.0047,0.9577,0.9755,0.0177,0.9670 ± 0.0047,"[0.9577, 0.9755]",0.0655,0.0099,0.0487,0.0845,0.0357,0.0655 ± 0.0099,"[0.0487, 0.0845]",0.976,0.0035,0.9692,0.9821,0.0129,0.9760 ± 0.0035,"[0.9692, 0.9821]",200,200,2000
Autoencoder+VQC(IQP_style_encoding+strongly_entangling),Autoencoder,autoencoder,5000,strongly_entangling,IQP_style_encoding,0.5049999999999999,1412,489,44,55,0.9625085207907292,0.0825515947467167,120.9,6,0.8228,0.0081,0.8064,0.8365,0.0301,0.8228 ± 0.0081,"[0.8064, 0.8365]",0.8628,0.0071,0.8482,0.8748,0.0265,0.8628 ± 0.0071,"[0.8482, 0.8748]",0.9925,0.0019,0.9886,0.9955,0.0069,0.9925 ± 0.0019,"[0.9886, 0.9955]",0.7599,0.011,0.7375,0.7785,0.041,0.7599 ± 0.0110,"[0.7375, 0.7785]",0.004,0.0025,0.0,0.0094,0.0094,0.0040 ± 0.0025,"[0.0000, 0.0094]",0.9981,0.0012,0.9955,1.0,0.0045,0.9981 ± 0.0012,"[0.9955, 1.0000]",200,200,2000
XGB_PCA4+VQC(ZZ_Feature_Map_style+EfficientSU2_like),XGB_PCA4,xgb_pca4,5000,EfficientSU2_like,ZZ_Feature_Map_style,0.3999999999999999,1364,528,5,103,0.9297886843899114,0.0093808630393996,141.1,4,0.9449,0.0048,0.9355,0.953,0.0175,0.9449 ± 0.0048,"[0.9355, 0.9530]",0.9612,0.0035,0.9544,0.967,0.0127,0.9612 ± 0.0035,"[0.9544, 0.9670]",0.9813,0.0021,0.9768,0.9851,0.0083,0.9813 ± 0.0021,"[0.9768, 0.9851]",0.9307,0.0061,0.9188,0.9407,0.0219,0.9307 ± 0.0061,"[0.9188, 0.9407]",0.0161,0.0053,0.0075,0.0263,0.0189,0.0161 ± 0.0053,"[0.0075, 0.0263]",0.9938,0.0021,0.9898,0.9971,0.0074,0.9938 ± 0.0021,"[0.9898, 0.9971]",200,200,2000
Autoencoder+VQC(RX_Angle_Encoding+custom_ansatz_1),Autoencoder,autoencoder,5000,custom_ansatz_1,RX_Angle_Encoding,0.5049999999999999,1383,498,35,84,0.9427402862985684,0.0656660412757973,91.8,5,0.9417,0.0049,0.931,0.95,0.019,0.9417 ± 0.0049,"[0.9310, 0.9500]",0.9596,0.0034,0.9523,0.9657,0.0135,0.9596 ± 0.0034,"[0.9523, 0.9657]",0.9552,0.0055,0.9435,0.965,0.0216,0.9552 ± 0.0055,"[0.9435, 0.9650]",0.9458,0.0057,0.9339,0.9571,0.0232,0.9458 ± 0.0057,"[0.9339, 0.9571]",0.0697,0.0103,0.0525,0.0919,0.0394,0.0697 ± 0.0103,"[0.0525, 0.0919]",0.9739,0.0037,0.966,0.9804,0.0144,0.9739 ± 0.0037,"[0.9660, 0.9804]",200,200,2000
Autoencoder+VQC(ZZ_Feature_Map_style+Real_Amplitude_like),Autoencoder,autoencoder,5000,Real_Amplitude_like,ZZ_Feature_Map_style,0.5399999999999999,1400,473,60,67,0.9543285616905248,0.1125703564727955,130.6,4,0.6829,0.0097,0.6655,0.701,0.0356,0.6829 ± 0.0097,"[0.6655, 0.7010]",0.7296,0.0102,0.7087,0.749,0.0403,0.7296 ± 0.0102,"[0.7087, 0.7490]",0.9533,0.006,0.9414,0.9654,0.024,0.9533 ± 0.0060,"[0.9414, 0.9654]",0.5835,0.0127,0.5575,0.6081,0.0505,0.5835 ± 0.0127,"[0.5575, 0.6081]",0.0435,0.0089,0.0281,0.0619,0.0338,0.0435 ± 0.0089,"[0.0281, 0.0619]",0.9736,0.0053,0.9631,0.9832,0.0202,0.9736 ± 0.0053,"[0.9631, 0.9832]",200,200,2000
Autoencoder+VQC(Custom_H_RY_RZ+strongly_entangling),Autoencoder,autoencoder,5000,strongly_entangling,Custom_H_RY_RZ,0.4499999999999999,1361,510,23,106,0.9277436946148604,0.0431519699812382,103.4,5,0.9284,0.006,0.917,0.9405,0.0235,0.9284 ± 0.0060,"[0.9170, 0.9405]",0.9498,0.0043,0.9415,0.9586,0.0171,0.9498 ± 0.0043,"[0.9415, 0.9586]",0.9709,0.0033,0.9646,0.9769,0.0124,0.9709 ± 0.0033,"[0.9646, 0.9769]",0.9241,0.007,0.9107,0.9373,0.0266,0.9241 ± 0.0070,"[0.9107, 0.9373]",0.0597,0.0111,0.0394,0.0845,0.0451,0.0597 ± 0.0111,"[0.0394, 0.0845]",0.9771,0.0042,0.9677,0.9849,0.0172,0.9771 ± 0.0042,"[0.9677, 0.9849]",200,200,2000
Autoencoder+VQC(IQP_style_encoding+Real_Amplitude_like),Autoencoder,autoencoder,5000,Real_Amplitude_like,IQP_style_encoding,0.4699999999999999,1447,419,114,20,0.9863667348329924,0.2138836772983114,125.3,7,0.9285,0.0055,0.918,0.9385,0.0205,0.9285 ± 0.0055,"[0.9180, 0.9385]",0.9531,0.0035,0.9466,0.9593,0.0128,0.9531 ± 0.0035,"[0.9466, 0.9593]",0.8994,0.0126,0.8729,0.924,0.051,0.8994 ± 0.0126,"[0.8729, 0.9240]",0.9903,0.0024,0.9857,0.9945,0.0089,0.9903 ± 0.0024,"[0.9857, 0.9945]",0.2416,0.0197,0.2044,0.2815,0.0771,0.2416 ± 0.0197,"[0.2044, 0.2815]",0.9186,0.0061,0.9064,0.9301,0.0237,0.9186 ± 0.0061,"[0.9064, 0.9301]",200,200,2000
Autoencoder+VQC(Custom_H_RY_RZ+Real_Amplitude_like),Autoencoder,autoencoder,5000,Real_Amplitude_like,Custom_H_RY_RZ,0.5499999999999999,1384,457,76,83,0.9434219495569188,0.1425891181988743,108.2,6,0.9221,0.0061,0.9105,0.934,0.0235,0.9221 ± 0.0061,"[0.9105, 0.9340]",0.947,0.0042,0.9391,0.9552,0.0161,0.9470 ± 0.0042,"[0.9391, 0.9552]",0.9734,0.0032,0.967,0.9787,0.0117,0.9734 ± 0.0032,"[0.9670, 0.9787]",0.9483,0.0057,0.9359,0.9584,0.0225,0.9483 ± 0.0057,"[0.9359, 0.9584]",0.1499,0.0159,0.1238,0.1802,0.0564,0.1499 ± 0.0159,"[0.1238, 0.1802]",0.9457,0.0055,0.9356,0.9551,0.0195,0.9457 ± 0.0055,"[0.9356, 0.9551]",200,200,2000
Autoencoder+VQC(IQP_style_encoding+custom_ansatz_1),Autoencoder,autoencoder,5000,custom_ansatz_1,IQP_style_encoding,0.5149999999999999,1420,412,121,47,0.9679618268575324,0.2270168855534709,127.2,5,0.9083,0.0056,0.897,0.9205,0.0235,0.9083 ± 0.0056,"[0.8970, 0.9205]",0.9396,0.0036,0.9321,0.9472,0.0152,0.9396 ± 0.0036,"[0.9321, 0.9472]",0.9208,0.0083,0.9047,0.936,0.0313,0.9208 ± 0.0083,"[0.9047, 0.9360]",0.9721,0.0038,0.9645,0.9802,0.0157,0.9721 ± 0.0038,"[0.9645, 0.9802]",0.2673,0.0187,0.2251,0.3039,0.0788,0.2673 ± 0.0187,"[0.2251, 0.3039]",0.9092,0.0058,0.8985,0.922,0.0235,0.9092 ± 0.0058,"[0.8985, 0.9220]",200,200,2000
Autoencoder+VQC(ZZ_Feature_Map_style+EfficientSU2_like),Autoencoder,autoencoder,5000,EfficientSU2_like,ZZ_Feature_Map_style,0.4999999999999999,1420,397,136,47,0.9679618268575324,0.2551594746716698,139.5,5,0.8988,0.0061,0.888,0.9105,0.0225,0.8988 ± 0.0061,"[0.8880, 0.9105]",0.9332,0.0039,0.9261,0.9408,0.0146,0.9332 ± 0.0039,"[0.9261, 0.9408]",0.9588,0.0037,0.951,0.9653,0.0143,0.9588 ± 0.0037,"[0.9510, 0.9653]",0.9639,0.0047,0.9543,0.9727,0.0184,0.9639 ± 0.0047,"[0.9543, 0.9727]",0.2805,0.0187,0.2439,0.3152,0.0713,0.2805 ± 0.0187,"[0.2439, 0.3152]",0.9044,0.0058,0.8938,0.916,0.0221,0.9044 ± 0.0058,"[0.8938, 0.9160]",200,200,2000
Autoencoder+VQC(Amplitude_Embedding+EfficientSU2_like),Autoencoder,autoencoder,5000,EfficientSU2_like,Amplitude_Embedding,0.4849999999999999,1379,435,98,88,0.940013633265167,0.1838649155722326,96.2,7,0.9144,0.0064,0.903,0.9265,0.0235,0.9144 ± 0.0064,"[0.9030, 0.9265]",0.942,0.0043,0.9341,0.9502,0.0161,0.9420 ± 0.0043,"[0.9341, 0.9502]",0.9291,0.0085,0.9124,0.9441,0.0316,0.9291 ± 0.0085,"[0.9124, 0.9441]",0.9479,0.006,0.9346,0.9578,0.0232,0.9479 ± 0.0060,"[0.9346, 0.9578]",0.1777,0.0183,0.1482,0.2139,0.0657,0.1777 ± 0.0183,"[0.1482, 0.2139]",0.9363,0.0061,0.9247,0.9462,0.0214,0.9363 ± 0.0061,"[0.9247, 0.9462]",200,200,2000
Autoencoder+VQC(ZZ_Feature_Map_style+strongly_entangling),Autoencoder,autoencoder,5000,strongly_entangling,ZZ_Feature_Map_style,0.5499999999999999,1336,454,79,131,0.9107021131561008,0.148217636022514,118.5,7,0.8938,0.0067,0.88,0.9065,0.0265,0.8938 ± 0.0067,"[0.8800, 0.9065]",0.926,0.0048,0.9161,0.9352,0.0191,0.9260 ± 0.0048,"[0.9161, 0.9352]",0.9601,0.0038,0.9522,0.9666,0.0144,0.9601 ± 0.0038,"[0.9522, 0.9666]",0.9062,0.0071,0.8922,0.9182,0.026,0.9062 ± 0.0071,"[0.8922, 0.9182]",0.1404,0.0148,0.1106,0.1689,0.0582,0.1404 ± 0.0148,"[0.1106, 0.1689]",0.9467,0.0053,0.9362,0.9576,0.0215,0.9467 ± 0.0053,"[0.9362, 0.9576]",200,200,2000
Autoencoder+VQC(RX_Angle_Encoding+Real_Amplitude_like),Autoencoder,autoencoder,5000,Real_Amplitude_like,RX_Angle_Encoding,0.5249999999999999,1268,521,12,199,0.8643490115882754,0.0225140712945591,90.1,7,0.8993,0.0067,0.8855,0.9115,0.026,0.8993 ± 0.0067,"[0.8855, 0.9115]",0.9271,0.0051,0.9165,0.9366,0.0201,0.9271 ± 0.0051,"[0.9165, 0.9366]",0.9463,0.0059,0.9316,0.9561,0.0245,0.9463 ± 0.0059,"[0.9316, 0.9561]",0.873,0.0088,0.8555,0.8889,0.0334,0.8730 ± 0.0088,"[0.8555, 0.8889]",0.0282,0.0069,0.015,0.0432,0.0281,0.0282 ± 0.0069,"[0.0150, 0.0432]",0.9884,0.0028,0.9825,0.9938,0.0114,0.9884 ± 0.0028,"[0.9825, 0.9938]",200,200,2000
ICA4+VQC(IQP_style_encoding+Real_Amplitude_like),ICA4,ica4,5000,Real_Amplitude_like,IQP_style_encoding,0.4749999999999999,1431,352,181,36,0.9754601226993864,0.3395872420262664,128.1,6,0.8762,0.0068,0.8625,0.889,0.0266,0.8762 ± 0.0068,"[0.8625, 0.8890]",0.9201,0.0042,0.9114,0.9282,0.0168,0.9201 ± 0.0042,"[0.9114, 0.9282]",0.9373,0.0053,0.9272,0.9476,0.0205,0.9373 ± 0.0053,"[0.9272, 0.9476]",0.9712,0.0044,0.9632,0.9796,0.0164,0.9712 ± 0.0044,"[0.9632, 0.9796]",0.3851,0.0218,0.3452,0.4278,0.0826,0.3851 ± 0.0218,"[0.3452, 0.4278]",0.8741,0.0063,0.8618,0.8857,0.024,0.8741 ± 0.0063,"[0.8618, 0.8857]",200,200,2000
ICA4+VQC(ZZ_Feature_Map_style+EfficientSU2_like),ICA4,ica4,5000,EfficientSU2_like,ZZ_Feature_Map_style,0.3749999999999999,1443,334,199,24,0.983640081799591,0.373358348968105,138.0,5,0.8645,0.0065,0.852,0.877,0.025,0.8645 ± 0.0065,"[0.8520, 0.8770]",0.9145,0.0038,0.9074,0.9219,0.0145,0.9145 ± 0.0038,"[0.9074, 0.9219]",0.9276,0.0051,0.918,0.9366,0.0186,0.9276 ± 0.0051,"[0.9180, 0.9366]",0.9878,0.003,0.9816,0.9932,0.0116,0.9878 ± 0.0030,"[0.9816, 0.9932]",0.4749,0.0223,0.4296,0.5142,0.0846,0.4749 ± 0.0223,"[0.4296, 0.5142]",0.8513,0.006,0.8402,0.8629,0.0227,0.8513 ± 0.0060,"[0.8402, 0.8629]",200,200,2000
PCA4+VQC(RY_Angle_Encoding+custom_ansatz_1),PCA4,pca4,5000,custom_ansatz_1,RY_Angle_Encoding,0.4899999999999999,1430,345,188,37,0.974778459441036,0.3527204502814259,84.2,7,0.8346,0.0076,0.8205,0.851,0.0305,0.8346 ± 0.0076,"[0.8205, 0.8510]",0.8801,0.0058,0.8696,0.8924,0.0228,0.8801 ± 0.0058,"[0.8696, 0.8924]",0.9099,0.0077,0.8958,0.9243,0.0285,0.9099 ± 0.0077,"[0.8958, 0.9243]",0.8278,0.0088,0.8111,0.8446,0.0335,0.8278 ± 0.0088,"[0.8111, 0.8446]",0.1468,0.0148,0.122,0.1765,0.0545,0.1468 ± 0.0148,"[0.1220, 0.1765]",0.9395,0.0058,0.9274,0.9492,0.0218,0.9395 ± 0.0058,"[0.9274, 0.9492]",200,200,2000
XGB_PCA4+VQC(RX_Angle_Encoding+EfficientSU2_like),XGB_PCA4,xgb_pca4,5000,EfficientSU2_like,RX_Angle_Encoding,0.4899999999999999,1241,527,6,226,0.8459441036128152,0.0112570356472795,95.6,7,0.8962,0.0064,0.8835,0.909,0.0256,0.8962 ± 0.0064,"[0.8835, 0.9090]",0.9331,0.004,0.9255,0.941,0.0155,0.9331 ± 0.0040,"[0.9255, 0.9410]",0.9813,0.0036,0.9732,0.9884,0.0152,0.9813 ± 0.0036,"[0.9732, 0.9884]",0.9866,0.0032,0.9802,0.9932,0.013,0.9866 ± 0.0032,"[0.9802, 0.9932]",0.3525,0.0219,0.3095,0.3996,0.0901,0.3525 ± 0.0219,"[0.3095, 0.3996]",0.8851,0.0064,0.8717,0.8978,0.0262,0.8851 ± 0.0064,"[0.8717, 0.8978]",200,200,2000
ICA4+VQC(Custom_H_RY_RZ+EfficientSU2_like),ICA4,ica4,5000,EfficientSU2_like,Custom_H_RY_RZ,0.4899999999999999,1429,339,194,38,0.9740967961826856,0.3639774859287054,120.1,7,0.8702,0.0068,0.8575,0.884,0.0265,0.8702 ± 0.0068,"[0.8575, 0.8840]",0.9165,0.0042,0.9087,0.9254,0.0167,0.9165 ± 0.0042,"[0.9087, 0.9254]",0.9363,0.0047,0.9278,0.945,0.0173,0.9363 ± 0.0047,"[0.9278, 0.9450]",0.9713,0.0044,0.9625,0.9796,0.0171,0.9713 ± 0.0044,"[0.9625, 0.9796]",0.4082,0.0216,0.3676,0.4447,0.0771,0.4082 ± 0.0216,"[0.3676, 0.4447]",0.8676,0.0061,0.8573,0.879,0.0217,0.8676 ± 0.0061,"[0.8573, 0.8790]",200,200,2000
XGB_PCA4+VQC(ZZ_Feature_Map_style+Real_Amplitude_like),XGB_PCA4,xgb_pca4,5000,Real_Amplitude_like,ZZ_Feature_Map_style,0.4549999999999999,1240,528,5,227,0.8452624403544649,0.0093808630393996,118.5,7,0.7335,0.0,0.7335,0.7335,0.0,0.7335 ± 0.0000,"[0.7335, 0.7335]",0.8463,0.0,0.8463,0.8463,0.0,0.8463 ± 0.0000,"[0.8463, 0.8463]",0.9614,0.0039,0.9541,0.969,0.0149,0.9614 ± 0.0039,"[0.9541, 0.9690]",1.0,0.0,1.0,1.0,0.0,1.0000 ± 0.0000,"[1.0000, 1.0000]",1.0,0.0,1.0,1.0,0.0,1.0000 ± 0.0000,"[1.0000, 1.0000]",0.7335,0.0,0.7335,0.7335,0.0,0.7335 ± 0.0000,"[0.7335, 0.7335]",200,200,2000
PCA4+VQC(RX_Angle_Encoding+EfficientSU2_like),PCA4,pca4,5000,EfficientSU2_like,RX_Angle_Encoding,0.4949999999999999,1432,335,198,35,0.9761417859577368,0.3714821763602251,104.9,5,0.8516,0.0066,0.8404,0.8645,0.0241,0.8516 ± 0.0066,"[0.8404, 0.8645]",0.9067,0.0039,0.8997,0.9144,0.0147,0.9067 ± 0.0039,"[0.8997, 0.9144]",0.8948,0.0086,0.8769,0.9093,0.0323,0.8948 ± 0.0086,"[0.8769, 0.9093]",0.9829,0.0036,0.9761,0.9898,0.0137,0.9829 ± 0.0036,"[0.9761, 0.9898]",0.5098,0.023,0.4634,0.5536,0.0902,0.5098 ± 0.0230,"[0.4634, 0.5536]",0.8415,0.006,0.8298,0.8535,0.0238,0.8415 ± 0.0060,"[0.8298, 0.8535]",200,200,2000
XGB_PCA4+VQC(ZZ_Feature_Map_style+strongly_entangling),XGB_PCA4,xgb_pca4,5000,strongly_entangling,ZZ_Feature_Map_style,0.4499999999999999,1228,532,1,239,0.8370824812542604,0.0018761726078799,121.0,6,0.8753,0.0068,0.862,0.888,0.026,0.8753 ± 0.0068,"[0.8620, 0.8880]",0.9086,0.0054,0.8983,0.9188,0.0206,0.9086 ± 0.0054,"[0.8983, 0.9188]",0.9422,0.0044,0.9339,0.9509,0.017,0.9422 ± 0.0044,"[0.9339, 0.9509]",0.8454,0.009,0.8275,0.863,0.0355,0.8454 ± 0.0090,"[0.8275, 0.8630]",0.0422,0.0086,0.0263,0.06,0.0338,0.0422 ± 0.0086,"[0.0263, 0.0600]",0.9822,0.0036,0.9753,0.9889,0.0136,0.9822 ± 0.0036,"[0.9753, 0.9889]",200,200,2000
ICA4+VQC(ZZ_Feature_Map_style+custom_ansatz_1),ICA4,ica4,5000,custom_ansatz_1,ZZ_Feature_Map_style,0.4349999999999999,1428,331,202,39,0.9734151329243352,0.3789868667917448,129.1,6,0.8666,0.0066,0.8545,0.8795,0.025,0.8666 ± 0.0066,"[0.8545, 0.8795]",0.9151,0.004,0.908,0.923,0.015,0.9151 ± 0.0040,"[0.9080, 0.9230]",0.922,0.0058,0.9118,0.9328,0.021,0.9220 ± 0.0058,"[0.9118, 0.9328]",0.9801,0.0035,0.9734,0.9864,0.013,0.9801 ± 0.0035,"[0.9734, 0.9864]",0.4456,0.0226,0.4033,0.4879,0.0845,0.4456 ± 0.0226,"[0.4033, 0.4879]",0.8583,0.0062,0.8467,0.8702,0.0235,0.8583 ± 0.0062,"[0.8467, 0.8702]",200,200,2000
XGB_PCA4+VQC(Custom_H_RY_RZ+custom_ansatz_1),XGB_PCA4,xgb_pca4,5000,custom_ansatz_1,Custom_H_RY_RZ,0.3899999999999999,1457,295,238,10,0.9931833674164964,0.4465290806754221,110.6,4,0.732,0.0009,0.73,0.7335,0.0035,0.7320 ± 0.0009,"[0.7300, 0.7335]",0.8453,0.0006,0.8439,0.8463,0.0023,0.8453 ± 0.0006,"[0.8439, 0.8463]",0.9404,0.0047,0.931,0.9502,0.0192,0.9404 ± 0.0047,"[0.9310, 0.9502]",0.998,0.0013,0.9952,1.0,0.0048,0.9980 ± 0.0013,"[0.9952, 1.0000]",1.0,0.0,1.0,1.0,0.0,1.0000 ± 0.0000,"[1.0000, 1.0000]",0.7331,0.0002,0.7326,0.7335,0.0009,0.7331 ± 0.0002,"[0.7326, 0.7335]",200,200,2000
ICA4+VQC(ZZ_Feature_Map_style+Real_Amplitude_like),ICA4,ica4,5000,Real_Amplitude_like,ZZ_Feature_Map_style,0.3749999999999999,1421,328,205,46,0.9686434901158828,0.3846153846153846,118.5,7,0.8617,0.0065,0.85,0.8745,0.0245,0.8617 ± 0.0065,"[0.8500, 0.8745]",0.9111,0.004,0.9039,0.919,0.0151,0.9111 ± 0.0040,"[0.9039, 0.9190]",0.9227,0.0053,0.9134,0.9314,0.018,0.9227 ± 0.0053,"[0.9134, 0.9314]",0.9657,0.0042,0.9584,0.9748,0.0164,0.9657 ± 0.0042,"[0.9584, 0.9748]",0.4245,0.0208,0.3864,0.4616,0.0751,0.4245 ± 0.0208,"[0.3864, 0.4616]",0.8623,0.0059,0.8514,0.8732,0.0218,0.8623 ± 0.0059,"[0.8514, 0.8732]",200,200,2000
PCA4+VQC(IQP_style_encoding+Real_Amplitude_like),PCA4,pca4,5000,Real_Amplitude_like,IQP_style_encoding,0.4699999999999999,1439,310,223,28,0.9809134287661896,0.4183864915572232,120.0,7,0.8733,0.0066,0.8605,0.885,0.0245,0.8733 ± 0.0066,"[0.8605, 0.8850]",0.9193,0.004,0.9116,0.9263,0.0147,0.9193 ± 0.0040,"[0.9116, 0.9263]",0.9234,0.0055,0.9125,0.9336,0.0211,0.9234 ± 0.0055,"[0.9125, 0.9336]",0.9835,0.0035,0.9768,0.9905,0.0136,0.9835 ± 0.0035,"[0.9768, 0.9905]",0.4301,0.0221,0.3921,0.4693,0.0772,0.4301 ± 0.0221,"[0.3921, 0.4693]",0.8629,0.0061,0.8519,0.8736,0.0217,0.8629 ± 0.0061,"[0.8519, 0.8736]",200,200,2000
XGB_PCA4+VQC(ZZ_Feature_Map_style+custom_ansatz_1),XGB_PCA4,xgb_pca4,5000,custom_ansatz_1,ZZ_Feature_Map_style,0.4449999999999999,1222,525,8,245,0.8329925017041582,0.0150093808630394,134.6,6,0.7489,0.0026,0.744,0.754,0.01,0.7489 ± 0.0026,"[0.7440, 0.7540]",0.8537,0.0013,0.8512,0.8564,0.0051,0.8537 ± 0.0013,"[0.8512, 0.8564]",0.9531,0.0041,0.9455,0.9605,0.015,0.9531 ± 0.0041,"[0.9455, 0.9605]",0.9991,0.0008,0.9973,1.0,0.0027,0.9991 ± 0.0008,"[0.9973, 1.0000]",0.9398,0.0095,0.9212,0.9568,0.0356,0.9398 ± 0.0095,"[0.9212, 0.9568]",0.7453,0.0019,0.7418,0.749,0.0072,0.7453 ± 0.0019,"[0.7418, 0.7490]",200,200,2000
XGB_PCA4+VQC(IQP_style_encoding+strongly_entangling),XGB_PCA4,xgb_pca4,5000,strongly_entangling,IQP_style_encoding,0.4749999999999999,1232,513,20,235,0.8398091342876619,0.0375234521575985,124.7,4,0.7335,0.0,0.7335,0.7335,0.0,0.7335 ± 0.0000,"[0.7335, 0.7335]",0.8463,0.0,0.8463,0.8463,0.0,0.8463 ± 0.0000,"[0.8463, 0.8463]",0.9891,0.0025,0.9839,0.994,0.0101,0.9891 ± 0.0025,"[0.9839, 0.9940]",1.0,0.0,1.0,1.0,0.0,1.0000 ± 0.0000,"[1.0000, 1.0000]",1.0,0.0,1.0,1.0,0.0,1.0000 ± 0.0000,"[1.0000, 1.0000]",0.7335,0.0,0.7335,0.7335,0.0,0.7335 ± 0.0000,"[0.7335, 0.7335]",200,200,2000
ICA4+VQC(IQP_style_encoding+custom_ansatz_1),ICA4,ica4,5000,custom_ansatz_1,IQP_style_encoding,0.4699999999999999,1358,385,148,109,0.9256987048398092,0.2776735459662289,131.4,4,0.8713,0.0072,0.8565,0.8855,0.029,0.8713 ± 0.0072,"[0.8565, 0.8855]",0.9143,0.0047,0.9049,0.9239,0.019,0.9143 ± 0.0047,"[0.9049, 0.9239]",0.9159,0.0072,0.9015,0.9299,0.0284,0.9159 ± 0.0072,"[0.9015, 0.9299]",0.9359,0.0061,0.925,0.9475,0.0225,0.9359 ± 0.0061,"[0.9250, 0.9475]",0.3066,0.0197,0.2739,0.3433,0.0694,0.3066 ± 0.0197,"[0.2739, 0.3433]",0.8937,0.0062,0.8815,0.9041,0.0226,0.8937 ± 0.0062,"[0.8815, 0.9041]",200,200,2000
XGB_PCA4+VQC(RY_Angle_Encoding+EfficientSU2_like),XGB_PCA4,xgb_pca4,5000,EfficientSU2_like,RY_Angle_Encoding,0.4749999999999999,1237,498,35,230,0.8432174505794138,0.0656660412757973,100.8,4,0.7629,0.0046,0.7535,0.771,0.0175,0.7629 ± 0.0046,"[0.7535, 0.7710]",0.8597,0.0025,0.8547,0.8642,0.0095,0.8597 ± 0.0025,"[0.8547, 0.8642]",0.9861,0.0031,0.9802,0.9921,0.012,0.9861 ± 0.0031,"[0.9802, 0.9921]",0.9904,0.0027,0.985,0.9952,0.0102,0.9904 ± 0.0027,"[0.9850, 0.9952]",0.8633,0.0155,0.833,0.8968,0.0638,0.8633 ± 0.0155,"[0.8330, 0.8968]",0.7595,0.0033,0.7522,0.7659,0.0137,0.7595 ± 0.0033,"[0.7522, 0.7659]",200,200,2000
PCA4+VQC(ZZ_Feature_Map_style+strongly_entangling),PCA4,pca4,5000,strongly_entangling,ZZ_Feature_Map_style,0.3099999999999999,1465,258,275,2,0.9986366734832992,0.5159474671669794,112.7,7,0.7335,0.0,0.7335,0.7335,0.0,0.7335 ± 0.0000,"[0.7335, 0.7335]",0.8463,0.0,0.8463,0.8463,0.0,0.8463 ± 0.0000,"[0.8463, 0.8463]",0.9242,0.0059,0.9128,0.9345,0.0217,0.9242 ± 0.0059,"[0.9128, 0.9345]",1.0,0.0,1.0,1.0,0.0,1.0000 ± 0.0000,"[1.0000, 1.0000]",1.0,0.0,1.0,1.0,0.0,1.0000 ± 0.0000,"[1.0000, 1.0000]",0.7335,0.0,0.7335,0.7335,0.0,0.7335 ± 0.0000,"[0.7335, 0.7335]",200,200,2000
ICA4+VQC(ZZ_Feature_Map_style+strongly_entangling),ICA4,ica4,5000,strongly_entangling,ZZ_Feature_Map_style,0.4049999999999999,1440,282,251,27,0.98159509202454,0.4709193245778612,116.4,5,0.7335,0.0,0.7335,0.7335,0.0,0.7335 ± 0.0000,"[0.7335, 0.7335]",0.8463,0.0,0.8463,0.8463,0.0,0.8463 ± 0.0000,"[0.8463, 0.8463]",0.9194,0.0056,0.9088,0.9293,0.0205,0.9194 ± 0.0056,"[0.9088, 0.9293]",1.0,0.0,1.0,1.0,0.0,1.0000 ± 0.0000,"[1.0000, 1.0000]",1.0,0.0,1.0,1.0,0.0,1.0000 ± 0.0000,"[1.0000, 1.0000]",0.7335,0.0,0.7335,0.7335,0.0,0.7335 ± 0.0000,"[0.7335, 0.7335]",200,200,2000
XGB_PCA4+VQC(Custom_H_RY_RZ+Real_Amplitude_like),XGB_PCA4,xgb_pca4,5000,Real_Amplitude_like,Custom_H_RY_RZ,0.3199999999999999,1439,283,250,28,0.9809134287661896,0.4690431519699812,115.7,5,0.8369,0.0057,0.8265,0.847,0.0205,0.8369 ± 0.0057,"[0.8265, 0.8470]",0.8991,0.0033,0.8929,0.9052,0.0123,0.8991 ± 0.0033,"[0.8929, 0.9052]",0.802,0.0146,0.7748,0.8299,0.0552,0.8020 ± 0.0146,"[0.7748, 0.8299]",0.991,0.0025,0.9864,0.9952,0.0089,0.9910 ± 0.0025,"[0.9864, 0.9952]",0.5873,0.02,0.5478,0.6249,0.077,0.5873 ± 0.0200,"[0.5478, 0.6249]",0.8229,0.005,0.8139,0.8325,0.0186,0.8229 ± 0.0050,"[0.8139, 0.8325]",200,200,2000
ICA4+VQC(IQP_style_encoding+EfficientSU2_like),ICA4,ica4,5000,EfficientSU2_like,IQP_style_encoding,0.3899999999999999,1456,263,270,11,0.992501704158146,0.5065666041275797,138.7,7,0.8451,0.0059,0.834,0.856,0.022,0.8451 ± 0.0059,"[0.8340, 0.8560]",0.9035,0.0034,0.8975,0.9098,0.0124,0.9035 ± 0.0034,"[0.8975, 0.9098]",0.9292,0.0054,0.9182,0.9404,0.0222,0.9292 ± 0.0054,"[0.9182, 0.9404]",0.9888,0.0026,0.9836,0.9939,0.0102,0.9888 ± 0.0026,"[0.9836, 0.9939]",0.5504,0.0208,0.5121,0.5929,0.0808,0.5504 ± 0.0208,"[0.5121, 0.5929]",0.8318,0.0053,0.8209,0.8418,0.0209,0.8318 ± 0.0053,"[0.8209, 0.8418]",200,200,2000
XGB_PCA4+VQC(IQP_style_encoding+EfficientSU2_like),XGB_PCA4,xgb_pca4,5000,EfficientSU2_like,IQP_style_encoding,0.3899999999999999,1445,274,259,22,0.9850034083162916,0.4859287054409005,124.2,7,0.7332,0.0004,0.732,0.7335,0.0015,0.7332 ± 0.0004,"[0.7320, 0.7335]",0.8461,0.0003,0.8453,0.8463,0.001,0.8461 ± 0.0003,"[0.8453, 0.8463]",0.8842,0.0077,0.8693,0.8991,0.0297,0.8842 ± 0.0077,"[0.8693, 0.8991]",0.9996,0.0005,0.998,1.0,0.002,0.9996 ± 0.0005,"[0.9980, 1.0000]",1.0,0.0,1.0,1.0,0.0,1.0000 ± 0.0000,"[1.0000, 1.0000]",0.7334,0.0001,0.7331,0.7335,0.0004,0.7334 ± 0.0001,"[0.7331, 0.7335]",200,200,2000
PCA4+VQC(Custom_H_RY_RZ+strongly_entangling),PCA4,pca4,5000,strongly_entangling,Custom_H_RY_RZ,0.3999999999999999,1463,255,278,4,0.9972733469665984,0.5215759849906192,105.1,5,0.8466,0.0057,0.836,0.8575,0.0215,0.8466 ± 0.0057,"[0.8360, 0.8575]",0.9046,0.0033,0.8985,0.911,0.0125,0.9046 ± 0.0033,"[0.8985, 0.9110]",0.8946,0.007,0.8783,0.9076,0.0293,0.8946 ± 0.0070,"[0.8783, 0.9076]",0.9915,0.0025,0.9857,0.9959,0.0102,0.9915 ± 0.0025,"[0.9857, 0.9959]",0.5521,0.0204,0.5141,0.5892,0.0751,0.5521 ± 0.0204,"[0.5141, 0.5892]",0.8318,0.0052,0.8224,0.8417,0.0193,0.8318 ± 0.0052,"[0.8224, 0.8417]",200,200,2000
PCA4+VQC(Custom_H_RY_RZ+EfficientSU2_like),PCA4,pca4,5000,EfficientSU2_like,Custom_H_RY_RZ,0.3649999999999999,1463,252,281,4,0.9972733469665984,0.5272045028142589,120.4,4,0.7331,0.0004,0.732,0.7335,0.0015,0.7331 ± 0.0004,"[0.7320, 0.7335]",0.846,0.0003,0.8453,0.8463,0.001,0.8460 ± 0.0003,"[0.8453, 0.8463]",0.9138,0.0061,0.902,0.925,0.023,0.9138 ± 0.0061,"[0.9020, 0.9250]",0.9994,0.0006,0.998,1.0,0.002,0.9994 ± 0.0006,"[0.9980, 1.0000]",1.0,0.0,1.0,1.0,0.0,1.0000 ± 0.0000,"[1.0000, 1.0000]",0.7334,0.0001,0.7331,0.7335,0.0004,0.7334 ± 0.0001,"[0.7331, 0.7335]",200,200,2000
ICA4+VQC(IQP_style_encoding+strongly_entangling),ICA4,ica4,5000,strongly_entangling,IQP_style_encoding,0.4149999999999999,1458,254,279,9,0.9938650306748468,0.5234521575984991,125.7,4,0.8431,0.0058,0.8325,0.8535,0.0211,0.8431 ± 0.0058,"[0.8325, 0.8535]",0.9024,0.0033,0.8964,0.9084,0.012,0.9024 ± 0.0033,"[0.8964, 0.9084]",0.8851,0.0075,0.8694,0.899,0.0296,0.8851 ± 0.0075,"[0.8694, 0.8990]",0.9885,0.0027,0.983,0.9932,0.0102,0.9885 ± 0.0027,"[0.9830, 0.9932]",0.557,0.0205,0.5197,0.5948,0.0751,0.5570 ± 0.0205,"[0.5197, 0.5948]",0.8301,0.0052,0.8209,0.8396,0.0187,0.8301 ± 0.0052,"[0.8209, 0.8396]",200,200,2000
ICA4+VQC(RY_Angle_Encoding+EfficientSU2_like),ICA4,ica4,5000,EfficientSU2_like,RY_Angle_Encoding,0.4599999999999999,1458,254,279,9,0.9938650306748468,0.5234521575984991,101.6,4,0.8447,0.006,0.833,0.856,0.023,0.8447 ± 0.0060,"[0.8330, 0.8560]",0.9034,0.0035,0.8963,0.9101,0.0137,0.9034 ± 0.0035,"[0.8963, 0.9101]",0.8352,0.0122,0.811,0.8596,0.0487,0.8352 ± 0.0122,"[0.8110, 0.8596]",0.9901,0.0026,0.985,0.9946,0.0096,0.9901 ± 0.0026,"[0.9850, 0.9946]",0.5555,0.021,0.5159,0.5967,0.0807,0.5555 ± 0.0210,"[0.5159, 0.5967]",0.8307,0.0053,0.8208,0.8408,0.0199,0.8307 ± 0.0053,"[0.8208, 0.8408]",200,200,2000
PCA4+VQC(Custom_H_RY_RZ+custom_ansatz_1),PCA4,pca4,5000,custom_ansatz_1,Custom_H_RY_RZ,0.4799999999999999,1413,297,236,54,0.9631901840490796,0.4427767354596623,113.6,5,0.8548,0.007,0.8425,0.8695,0.027,0.8548 ± 0.0070,"[0.8425, 0.8695]",0.9071,0.0043,0.8992,0.9159,0.0168,0.9071 ± 0.0043,"[0.8992, 0.9159]",0.8906,0.0075,0.8752,0.9039,0.0287,0.8906 ± 0.0075,"[0.8752, 0.9039]",0.9659,0.0049,0.9564,0.9755,0.0191,0.9659 ± 0.0049,"[0.9564, 0.9755]",0.451,0.0221,0.4108,0.4916,0.0808,0.4510 ± 0.0221,"[0.4108, 0.4916]",0.855,0.0061,0.8437,0.8665,0.0228,0.8550 ± 0.0061,"[0.8437, 0.8665]",200,200,2000
PCA4+VQC(Amplitude_Embedding+EfficientSU2_like),PCA4,pca4,5000,EfficientSU2_like,Amplitude_Embedding,0.4699999999999999,1457,250,283,10,0.9931833674164964,0.5309568480300187,96.3,4,0.8121,0.0085,0.794,0.8295,0.0355,0.8121 ± 0.0085,"[0.7940, 0.8295]",0.8718,0.0059,0.8597,0.8838,0.0241,0.8718 ± 0.0059,"[0.8597, 0.8838]",0.8027,0.0157,0.7736,0.8333,0.0597,0.8027 ± 0.0157,"[0.7736, 0.8333]",0.871,0.0084,0.8528,0.8875,0.0348,0.8710 ± 0.0084,"[0.8528, 0.8875]",0.3497,0.0204,0.3114,0.3903,0.0789,0.3497 ± 0.0204,"[0.3114, 0.3903]",0.8727,0.0067,0.8591,0.8852,0.0261,0.8727 ± 0.0067,"[0.8591, 0.8852]",200,200,2000
PCA4+VQC(ZZ_Feature_Map_style+EfficientSU2_like),PCA4,pca4,5000,EfficientSU2_like,ZZ_Feature_Map_style,0.29,1462,244,289,5,0.996591683708248,0.5422138836772983,144.3,6,0.7334,0.0002,0.733,0.7335,0.0005,0.7334 ± 0.0002,"[0.7330, 0.7335]",0.8462,0.0001,0.8459,0.8463,0.0003,0.8462 ± 0.0001,"[0.8459, 0.8463]",0.8913,0.0071,0.8771,0.9045,0.0273,0.8913 ± 0.0071,"[0.8771, 0.9045]",0.9999,0.0003,0.9993,1.0,0.0007,0.9999 ± 0.0003,"[0.9993, 1.0000]",1.0,0.0,1.0,1.0,0.0,1.0000 ± 0.0000,"[1.0000, 1.0000]",0.7335,0.0001,0.7334,0.7335,0.0001,0.7335 ± 0.0001,"[0.7334, 0.7335]",200,200,2000
PCA4+VQC(RY_Angle_Encoding+EfficientSU2_like),PCA4,pca4,5000,EfficientSU2_like,RY_Angle_Encoding,0.4749999999999999,1457,246,287,10,0.9931833674164964,0.5384615384615384,101.0,6,0.7822,0.0053,0.772,0.792,0.02,0.7822 ± 0.0053,"[0.7720, 0.7920]",0.8694,0.0029,0.8637,0.8747,0.011,0.8694 ± 0.0029,"[0.8637, 0.8747]",0.9081,0.0076,0.8926,0.9241,0.0316,0.9081 ± 0.0076,"[0.8926, 0.9241]",0.9886,0.0027,0.983,0.9932,0.0102,0.9886 ± 0.0027,"[0.9830, 0.9932]",0.7859,0.0176,0.7523,0.8218,0.0694,0.7859 ± 0.0176,"[0.7523, 0.8218]",0.7759,0.004,0.768,0.7836,0.0156,0.7759 ± 0.0040,"[0.7680, 0.7836]",200,200,2000
ICA4+VQC(RX_Angle_Encoding+EfficientSU2_like),ICA4,ica4,5000,EfficientSU2_like,RX_Angle_Encoding,0.4749999999999999,1453,248,285,14,0.9904567143830948,0.5347091932457786,97.3,4,0.837,0.0064,0.825,0.8485,0.0235,0.8370 ± 0.0064,"[0.8250, 0.8485]",0.8981,0.0038,0.8912,0.9051,0.0139,0.8981 ± 0.0038,"[0.8912, 0.9051]",0.7836,0.0159,0.755,0.8136,0.0586,0.7836 ± 0.0159,"[0.7550, 0.8136]",0.9787,0.0036,0.9714,0.9857,0.0143,0.9787 ± 0.0036,"[0.9714, 0.9857]",0.553,0.0211,0.514,0.5947,0.0807,0.5530 ± 0.0211,"[0.5140, 0.5947]",0.8297,0.0055,0.819,0.8402,0.0212,0.8297 ± 0.0055,"[0.8190, 0.8402]",200,200,2000
XGB_PCA4+VQC(Custom_H_RY_RZ+strongly_entangling),XGB_PCA4,xgb_pca4,5000,strongly_entangling,Custom_H_RY_RZ,0.3199999999999999,1461,237,296,6,0.9959100204498976,0.5553470919324578,104.5,4,0.731,0.0012,0.7285,0.733,0.0045,0.7310 ± 0.0012,"[0.7285, 0.7330]",0.8446,0.0008,0.8429,0.8459,0.003,0.8446 ± 0.0008,"[0.8429, 0.8459]",0.9916,0.0025,0.9863,0.9964,0.0101,0.9916 ± 0.0025,"[0.9863, 0.9964]",0.9966,0.0016,0.9932,0.9993,0.0061,0.9966 ± 0.0016,"[0.9932, 0.9993]",1.0,0.0,1.0,1.0,0.0,1.0000 ± 0.0000,"[1.0000, 1.0000]",0.7328,0.0003,0.7322,0.7334,0.0012,0.7328 ± 0.0003,"[0.7322, 0.7334]",200,200,2000
PCA4+VQC(RY_Angle_Encoding+Real_Amplitude_like),PCA4,pca4,5000,Real_Amplitude_like,RY_Angle_Encoding,0.4599999999999999,1461,235,298,6,0.9959100204498976,0.5590994371482176,89.9,4,0.748,0.0031,0.7425,0.7545,0.012,0.7480 ± 0.0031,"[0.7425, 0.7545]",0.8528,0.0017,0.8498,0.8562,0.0064,0.8528 ± 0.0017,"[0.8498, 0.8562]",0.8879,0.0092,0.8706,0.9034,0.0328,0.8879 ± 0.0092,"[0.8706, 0.9034]",0.9954,0.0016,0.9918,0.998,0.0062,0.9954 ± 0.0016,"[0.9918, 0.9980]",0.9329,0.0105,0.9118,0.9512,0.0394,0.9329 ± 0.0105,"[0.9118, 0.9512]",0.746,0.0022,0.7421,0.7505,0.0084,0.7460 ± 0.0022,"[0.7421, 0.7505]",200,200,2000
PCA4+VQC(RX_Angle_Encoding+strongly_entangling),PCA4,pca4,5000,strongly_entangling,RX_Angle_Encoding,0.4749999999999999,1423,273,260,44,0.9700068166325836,0.4878048780487805,82.6,6,0.8347,0.0065,0.8235,0.848,0.0245,0.8347 ± 0.0065,"[0.8235, 0.8480]",0.8955,0.0039,0.8888,0.9038,0.015,0.8955 ± 0.0039,"[0.8888, 0.9038]",0.8258,0.0127,0.8018,0.8505,0.0487,0.8258 ± 0.0127,"[0.8018, 0.8505]",0.9659,0.0045,0.9577,0.9748,0.0171,0.9659 ± 0.0045,"[0.9577, 0.9748]",0.5264,0.0207,0.4859,0.5685,0.0826,0.5264 ± 0.0207,"[0.4859, 0.5685]",0.8348,0.0055,0.8238,0.8456,0.0218,0.8348 ± 0.0055,"[0.8238, 0.8456]",200,200,2000
PCA4+VQC(ZZ_Feature_Map_style+Real_Amplitude_like),PCA4,pca4,5000,Real_Amplitude_like,ZZ_Feature_Map_style,0.2799999999999999,1463,232,301,4,0.9972733469665984,0.5647279549718575,130.6,5,0.8261,0.0057,0.815,0.8375,0.0225,0.8261 ± 0.0057,"[0.8150, 0.8375]",0.8937,0.0031,0.8875,0.9001,0.0126,0.8937 ± 0.0031,"[0.8875, 0.9001]",0.8999,0.0065,0.8865,0.9117,0.0251,0.8999 ± 0.0065,"[0.8865, 0.9117]",0.9966,0.0015,0.9939,0.9993,0.0055,0.9966 ± 0.0015,"[0.9939, 0.9993]",0.6431,0.0207,0.6022,0.683,0.0808,0.6431 ± 0.0207,"[0.6022, 0.6830]",0.8101,0.005,0.8004,0.82,0.0195,0.8101 ± 0.0050,"[0.8004, 0.8200]",200,200,2000
PCA4+VQC(IQP_style_encoding+strongly_entangling),PCA4,pca4,5000,strongly_entangling,IQP_style_encoding,0.3899999999999999,1458,235,298,9,0.9938650306748468,0.5590994371482176,123.6,6,0.7339,0.0005,0.7335,0.735,0.0015,0.7339 ± 0.0005,"[0.7335, 0.7350]",0.8465,0.0002,0.8463,0.847,0.0007,0.8465 ± 0.0002,"[0.8463, 0.8470]",0.8174,0.0123,0.7962,0.8436,0.0474,0.8174 ± 0.0123,"[0.7962, 0.8436]",1.0,0.0,1.0,1.0,0.0,1.0000 ± 0.0000,"[1.0000, 1.0000]",0.9984,0.0018,0.9944,1.0,0.0056,0.9984 ± 0.0018,"[0.9944, 1.0000]",0.7338,0.0003,0.7335,0.7346,0.0011,0.7338 ± 0.0003,"[0.7335, 0.7346]",200,200,2000
XGB_PCA4+VQC(IQP_style_encoding+custom_ansatz_1),XGB_PCA4,xgb_pca4,5000,custom_ansatz_1,IQP_style_encoding,0.4599999999999999,1258,434,99,209,0.8575323790047716,0.1857410881801125,134.1,4,0.7317,0.001,0.7295,0.733,0.0035,0.7317 ± 0.0010,"[0.7295, 0.7330]",0.845,0.0007,0.8436,0.8459,0.0023,0.8450 ± 0.0007,"[0.8436, 0.8459]",0.91,0.0065,0.8969,0.9221,0.0252,0.9100 ± 0.0065,"[0.8969, 0.9221]",0.9975,0.0014,0.9945,0.9993,0.0048,0.9975 ± 0.0014,"[0.9945, 0.9993]",1.0,0.0,1.0,1.0,0.0,1.0000 ± 0.0000,"[1.0000, 1.0000]",0.733,0.0003,0.7324,0.7334,0.0009,0.7330 ± 0.0003,"[0.7324, 0.7334]",200,200,2000
PCA4+VQC(RX_Angle_Encoding+Real_Amplitude_like),PCA4,pca4,5000,Real_Amplitude_like,RX_Angle_Encoding,0.4849999999999999,1456,236,297,11,0.992501704158146,0.5572232645403377,89.3,4,0.7685,0.005,0.7595,0.778,0.0186,0.7685 ± 0.0050,"[0.7595, 0.7780]",0.8622,0.0027,0.8568,0.8672,0.0104,0.8622 ± 0.0027,"[0.8568, 0.8672]",0.8609,0.0102,0.8399,0.8774,0.0375,0.8609 ± 0.0102,"[0.8399, 0.8774]",0.9875,0.0029,0.9816,0.9932,0.0116,0.9875 ± 0.0029,"[0.9816, 0.9932]",0.834,0.0171,0.8011,0.8687,0.0676,0.8340 ± 0.0171,"[0.8011, 0.8687]",0.7652,0.0037,0.758,0.7725,0.0145,0.7652 ± 0.0037,"[0.7580, 0.7725]",200,200,2000
PCA4+VQC(ZZ_Feature_Map_style+custom_ansatz_1),PCA4,pca4,5000,custom_ansatz_1,ZZ_Feature_Map_style,0.3,1457,230,303,10,0.9931833674164964,0.5684803001876173,120.2,7,0.7335,0.0,0.7335,0.7335,0.0,0.7335 ± 0.0000,"[0.7335, 0.7335]",0.8463,0.0,0.8463,0.8463,0.0,0.8463 ± 0.0000,"[0.8463, 0.8463]",0.9017,0.007,0.8871,0.9151,0.028,0.9017 ± 0.0070,"[0.8871, 0.9151]",1.0,0.0,1.0,1.0,0.0,1.0000 ± 0.0000,"[1.0000, 1.0000]",1.0,0.0,1.0,1.0,0.0,1.0000 ± 0.0000,"[1.0000, 1.0000]",0.7335,0.0,0.7335,0.7335,0.0,0.7335 ± 0.0000,"[0.7335, 0.7335]",200,200,2000
ICA4+VQC(Amplitude_Embedding+strongly_entangling),ICA4,ica4,5000,strongly_entangling,Amplitude_Embedding,0.5449999999999999,1403,284,249,64,0.956373551465576,0.4671669793621013,72.7,7,0.775,0.0055,0.7645,0.7846,0.0201,0.7750 ± 0.0055,"[0.7645, 0.7846]",0.8653,0.0031,0.8594,0.8705,0.0111,0.8653 ± 0.0031,"[0.8594, 0.8705]",0.8511,0.0092,0.8332,0.8677,0.0345,0.8511 ± 0.0092,"[0.8332, 0.8677]",0.9856,0.0033,0.9789,0.9918,0.013,0.9856 ± 0.0033,"[0.9789, 0.9918]",0.8045,0.018,0.7711,0.8368,0.0658,0.8045 ± 0.0180,"[0.7711, 0.8368]",0.7713,0.004,0.7643,0.7794,0.0151,0.7713 ± 0.0040,"[0.7643, 0.7794]",200,200,2000
PCA4+VQC(IQP_style_encoding+custom_ansatz_1),PCA4,pca4,5000,custom_ansatz_1,IQP_style_encoding,0.4149999999999999,1447,234,299,20,0.9863667348329924,0.5609756097560976,128.0,6,0.7335,0.0,0.7335,0.7335,0.0,0.7335 ± 0.0000,"[0.7335, 0.7335]",0.8463,0.0,0.8463,0.8463,0.0,0.8463 ± 0.0000,"[0.8463, 0.8463]",0.9115,0.006,0.8998,0.9224,0.0226,0.9115 ± 0.0060,"[0.8998, 0.9224]",1.0,0.0,1.0,1.0,0.0,1.0000 ± 0.0000,"[1.0000, 1.0000]",1.0,0.0,1.0,1.0,0.0,1.0000 ± 0.0000,"[1.0000, 1.0000]",0.7335,0.0,0.7335,0.7335,0.0,0.7335 ± 0.0000,"[0.7335, 0.7335]",200,200,2000
PCA4+VQC(IQP_style_encoding+EfficientSU2_like),PCA4,pca4,5000,EfficientSU2_like,IQP_style_encoding,0.3999999999999999,1456,224,309,11,0.992501704158146,0.5797373358348968,138.2,5,0.8345,0.0061,0.8225,0.8455,0.023,0.8345 ± 0.0061,"[0.8225, 0.8455]",0.8978,0.0035,0.8909,0.904,0.0131,0.8978 ± 0.0035,"[0.8909, 0.9040]",0.8764,0.0075,0.862,0.8902,0.0282,0.8764 ± 0.0075,"[0.8620, 0.8902]",0.9915,0.0023,0.987,0.9959,0.0089,0.9915 ± 0.0023,"[0.9870, 0.9959]",0.5978,0.0216,0.5572,0.6379,0.0807,0.5978 ± 0.0216,"[0.5572, 0.6379]",0.8203,0.0054,0.8102,0.8299,0.0197,0.8203 ± 0.0054,"[0.8102, 0.8299]",200,200,2000
PCA4+VQC(Custom_H_RY_RZ+Real_Amplitude_like),PCA4,pca4,5000,Real_Amplitude_like,Custom_H_RY_RZ,0.4449999999999999,1405,275,258,62,0.9577368779822768,0.4840525328330206,104.4,7,0.8438,0.0074,0.8295,0.8575,0.028,0.8438 ± 0.0074,"[0.8295, 0.8575]",0.9006,0.0045,0.8914,0.9094,0.018,0.9006 ± 0.0045,"[0.8914, 0.9094]",0.8004,0.0123,0.7792,0.8243,0.0451,0.8004 ± 0.0123,"[0.7792, 0.8243]",0.965,0.0053,0.9543,0.9755,0.0211,0.9650 ± 0.0053,"[0.9543, 0.9755]",0.4899,0.0229,0.4484,0.5347,0.0864,0.4899 ± 0.0229,"[0.4484, 0.5347]",0.8443,0.0062,0.8323,0.8564,0.024,0.8443 ± 0.0062,"[0.8323, 0.8564]",200,200,2000
PCA4+VQC(RX_Angle_Encoding+custom_ansatz_1),PCA4,pca4,5000,custom_ansatz_1,RX_Angle_Encoding,0.4899999999999999,1454,219,314,13,0.9911383776414452,0.5891181988742964,90.2,6,0.7688,0.0049,0.7595,0.779,0.0196,0.7688 ± 0.0049,"[0.7595, 0.7790]",0.8624,0.0027,0.8575,0.8681,0.0106,0.8624 ± 0.0027,"[0.8575, 0.8681]",0.8671,0.01,0.8465,0.8837,0.0372,0.8671 ± 0.0100,"[0.8465, 0.8837]",0.9878,0.0028,0.9823,0.9932,0.0109,0.9878 ± 0.0028,"[0.9823, 0.9932]",0.8342,0.0168,0.7992,0.8668,0.0675,0.8342 ± 0.0168,"[0.7992, 0.8668]",0.7652,0.0036,0.7583,0.7722,0.0139,0.7652 ± 0.0036,"[0.7583, 0.7722]",200,200,2000
PCA4+VQC(RY_Angle_Encoding+strongly_entangling),PCA4,pca4,5000,strongly_entangling,RY_Angle_Encoding,0.4899999999999999,1387,282,251,80,0.94546693933197,0.4709193245778612,77.4,7,0.8092,0.0075,0.796,0.8235,0.0275,0.8092 ± 0.0075,"[0.7960, 0.8235]",0.8754,0.0049,0.8663,0.8844,0.0181,0.8754 ± 0.0049,"[0.8663, 0.8844]",0.8408,0.0097,0.8225,0.8584,0.0359,0.8408 ± 0.0097,"[0.8225, 0.8584]",0.9136,0.0074,0.8991,0.9264,0.0274,0.9136 ± 0.0074,"[0.8991, 0.9264]",0.478,0.0201,0.4409,0.516,0.0751,0.4780 ± 0.0201,"[0.4409, 0.5160]",0.8403,0.0057,0.8282,0.8512,0.023,0.8403 ± 0.0057,"[0.8282, 0.8512]",200,200,2000
ICA4+VQC(Amplitude_Embedding+Real_Amplitude_like),ICA4,ica4,5000,Real_Amplitude_like,Amplitude_Embedding,0.4949999999999999,1450,217,316,17,0.9884117246080436,0.5928705440900562,85.0,5,0.8328,0.006,0.8215,0.8445,0.023,0.8328 ± 0.0060,"[0.8215, 0.8445]",0.8969,0.0034,0.8903,0.9036,0.0133,0.8969 ± 0.0034,"[0.8903, 0.9036]",0.7735,0.0161,0.7432,0.8046,0.0614,0.7735 ± 0.0161,"[0.7432, 0.8046]",0.9911,0.0022,0.9864,0.9945,0.0082,0.9911 ± 0.0022,"[0.9864, 0.9945]",0.6027,0.021,0.5647,0.6417,0.077,0.6027 ± 0.0210,"[0.5647, 0.6417]",0.8191,0.0052,0.8097,0.8285,0.0188,0.8191 ± 0.0052,"[0.8097, 0.8285]",200,200,2000
ICA4+VQC(Custom_H_RY_RZ+strongly_entangling),ICA4,ica4,5000,strongly_entangling,Custom_H_RY_RZ,0.5049999999999999,1323,335,198,144,0.901840490797546,0.3714821763602251,99.4,4,0.8194,0.0082,0.8035,0.8345,0.031,0.8194 ± 0.0082,"[0.8035, 0.8345]",0.8791,0.0055,0.8688,0.8889,0.0201,0.8791 ± 0.0055,"[0.8688, 0.8889]",0.8537,0.0087,0.8362,0.8685,0.0323,0.8537 ± 0.0087,"[0.8362, 0.8685]",0.8948,0.0075,0.8807,0.9094,0.0287,0.8948 ± 0.0075,"[0.8807, 0.9094]",0.3882,0.0215,0.347,0.4278,0.0808,0.3882 ± 0.0215,"[0.3470, 0.4278]",0.8639,0.0067,0.8517,0.8767,0.0251,0.8639 ± 0.0067,"[0.8517, 0.8767]",200,200,2000
ICA4+VQC(Amplitude_Embedding+custom_ansatz_1),ICA4,ica4,5000,custom_ansatz_1,Amplitude_Embedding,0.4999999999999999,1370,271,262,97,0.9338786639400136,0.4915572232645403,86.1,4,0.8157,0.007,0.8015,0.828,0.0265,0.8157 ± 0.0070,"[0.8015, 0.8280]",0.8826,0.0044,0.8733,0.8905,0.0171,0.8826 ± 0.0044,"[0.8733, 0.8905]",0.7354,0.0162,0.7054,0.766,0.0606,0.7354 ± 0.0162,"[0.7054, 0.7660]",0.9443,0.0058,0.9325,0.9564,0.0239,0.9443 ± 0.0058,"[0.9325, 0.9564]",0.5385,0.0213,0.4971,0.5742,0.077,0.5385 ± 0.0213,"[0.4971, 0.5742]",0.8284,0.0057,0.8182,0.8389,0.0208,0.8284 ± 0.0057,"[0.8182, 0.8389]",200,200,2000
ICA4+VQC(Amplitude_Embedding+EfficientSU2_like),ICA4,ica4,5000,EfficientSU2_like,Amplitude_Embedding,0.4699999999999999,1374,253,280,93,0.9366053169734152,0.525328330206379,96.7,6,0.8062,0.0073,0.793,0.821,0.028,0.8062 ± 0.0073,"[0.7930, 0.8210]",0.8759,0.0046,0.8673,0.885,0.0177,0.8759 ± 0.0046,"[0.8673, 0.8850]",0.7128,0.0163,0.6816,0.7439,0.0624,0.7128 ± 0.0163,"[0.6816, 0.7439]",0.9328,0.0061,0.9209,0.9441,0.0232,0.9328 ± 0.0061,"[0.9209, 0.9441]",0.5425,0.0215,0.5028,0.5835,0.0807,0.5425 ± 0.0215,"[0.5028, 0.5835]",0.8256,0.0058,0.8148,0.8371,0.0223,0.8256 ± 0.0058,"[0.8148, 0.8371]",200,200,2000
ICA4+VQC(RX_Angle_Encoding+custom_ansatz_1),ICA4,ica4,5000,custom_ansatz_1,RX_Angle_Encoding,0.5099999999999999,1396,221,312,71,0.9516019086571234,0.5853658536585366,93.2,5,0.7965,0.007,0.782,0.8105,0.0285,0.7965 ± 0.0070,"[0.7820, 0.8105]",0.8725,0.0042,0.8646,0.8809,0.0163,0.8725 ± 0.0042,"[0.8646, 0.8809]",0.707,0.0162,0.6747,0.7389,0.0642,0.7070 ± 0.0162,"[0.6747, 0.7389]",0.9495,0.0056,0.938,0.9605,0.0225,0.9495 ± 0.0056,"[0.9380, 0.9605]",0.6248,0.0216,0.5835,0.6679,0.0844,0.6248 ± 0.0216,"[0.5835, 0.6679]",0.8071,0.0054,0.7963,0.8182,0.0219,0.8071 ± 0.0054,"[0.7963, 0.8182]",200,200,2000
ICA4+VQC(RY_Angle_Encoding+Real_Amplitude_like),ICA4,ica4,5000,Real_Amplitude_like,RY_Angle_Encoding,0.5099999999999999,1353,263,270,114,0.9222903885480572,0.5065666041275797,89.0,6,0.7951,0.0076,0.781,0.809,0.0281,0.7951 ± 0.0076,"[0.7810, 0.8090]",0.8676,0.005,0.8586,0.8768,0.0182,0.8676 ± 0.0050,"[0.8586, 0.8768]",0.6901,0.0167,0.6565,0.725,0.0686,0.6901 ± 0.0167,"[0.6565, 0.7250]",0.9151,0.0072,0.9005,0.9298,0.0293,0.9151 ± 0.0072,"[0.9005, 0.9298]",0.5351,0.02,0.499,0.5761,0.0771,0.5351 ± 0.0200,"[0.4990, 0.5761]",0.8248,0.0056,0.8128,0.8355,0.0227,0.8248 ± 0.0056,"[0.8128, 0.8355]",200,200,2000
XGB_PCA4+VQC(Custom_H_RY_RZ+EfficientSU2_like),XGB_PCA4,xgb_pca4,5000,EfficientSU2_like,Custom_H_RY_RZ,0.4849999999999999,1164,451,82,303,0.7934560327198364,0.1538461538461538,123.0,6,0.7619,0.009,0.743,0.7785,0.0355,0.7619 ± 0.0090,"[0.7430, 0.7785]",0.8353,0.0065,0.8223,0.8468,0.0245,0.8353 ± 0.0065,"[0.8223, 0.8468]",0.832,0.0095,0.813,0.8498,0.0368,0.8320 ± 0.0095,"[0.8130, 0.8498]",0.8231,0.0096,0.803,0.8412,0.0382,0.8231 ± 0.0096,"[0.8030, 0.8412]",0.4066,0.0214,0.3715,0.4522,0.0807,0.4066 ± 0.0214,"[0.3715, 0.4522]",0.8479,0.0069,0.8336,0.8598,0.0262,0.8479 ± 0.0069,"[0.8336, 0.8598]",200,200,2000
XGB_PCA4+VQC(RX_Angle_Encoding+custom_ansatz_1),XGB_PCA4,xgb_pca4,5000,custom_ansatz_1,RX_Angle_Encoding,0.5199999999999999,1349,241,292,118,0.9195637355146558,0.5478424015009381,93.9,5,0.8089,0.0071,0.796,0.823,0.027,0.8089 ± 0.0071,"[0.7960, 0.8230]",0.8779,0.0045,0.8699,0.8866,0.0167,0.8779 ± 0.0045,"[0.8699, 0.8866]",0.9058,0.0063,0.8926,0.918,0.0254,0.9058 ± 0.0063,"[0.8926, 0.9180]",0.937,0.0065,0.9236,0.9482,0.0246,0.9370 ± 0.0065,"[0.9236, 0.9482]",0.5439,0.0207,0.5028,0.5798,0.077,0.5439 ± 0.0207,"[0.5028, 0.5798]",0.8259,0.0055,0.8165,0.837,0.0205,0.8259 ± 0.0055,"[0.8165, 0.8370]",200,200,2000
ICA4+VQC(RY_Angle_Encoding+custom_ansatz_1),ICA4,ica4,5000,custom_ansatz_1,RY_Angle_Encoding,0.5199999999999999,1354,217,316,113,0.9229720518064076,0.5928705440900562,93.1,5,0.7559,0.0035,0.749,0.7625,0.0135,0.7559 ± 0.0035,"[0.7490, 0.7625]",0.8569,0.0019,0.8531,0.8605,0.0074,0.8569 ± 0.0019,"[0.8531, 0.8605]",0.6232,0.0165,0.5921,0.659,0.0669,0.6232 ± 0.0165,"[0.5921, 0.6590]",0.9966,0.0016,0.9932,0.9993,0.0061,0.9966 ± 0.0016,"[0.9932, 0.9993]",0.9065,0.0123,0.878,0.9306,0.0526,0.9065 ± 0.0123,"[0.8780, 0.9306]",0.7516,0.0026,0.7464,0.7573,0.0108,0.7516 ± 0.0026,"[0.7464, 0.7573]",200,200,2000
XGB_PCA4+VQC(Amplitude_Embedding+Real_Amplitude_like),XGB_PCA4,xgb_pca4,5000,Real_Amplitude_like,Amplitude_Embedding,0.5049999999999999,1439,128,405,28,0.9809134287661896,0.7598499061913696,87.4,5,0.7758,0.0057,0.763,0.786,0.023,0.7758 ± 0.0057,"[0.7630, 0.7860]",0.8651,0.0032,0.858,0.8713,0.0133,0.8651 ± 0.0032,"[0.8580, 0.8713]",0.8139,0.0115,0.7936,0.8357,0.042,0.8139 ± 0.0115,"[0.7936, 0.8357]",0.9798,0.0036,0.9714,0.9864,0.015,0.9798 ± 0.0036,"[0.9714, 0.9864]",0.7858,0.0177,0.7541,0.8219,0.0677,0.7858 ± 0.0177,"[0.7541, 0.8219]",0.7744,0.0041,0.7653,0.7818,0.0165,0.7744 ± 0.0041,"[0.7653, 0.7818]",200,200,2000
XGB_PCA4+VQC(RX_Angle_Encoding+strongly_entangling),XGB_PCA4,xgb_pca4,5000,strongly_entangling,RX_Angle_Encoding,0.4749999999999999,1272,270,263,195,0.8670756646216768,0.4934333958724202,83.9,5,0.7765,0.0086,0.76,0.7935,0.0335,0.7765 ± 0.0086,"[0.7600, 0.7935]",0.8517,0.0058,0.8412,0.8636,0.0223,0.8517 ± 0.0058,"[0.8412, 0.8636]",0.7463,0.0158,0.716,0.7754,0.0595,0.7463 ± 0.0158,"[0.7160, 0.7754]",0.8752,0.0083,0.8596,0.8916,0.032,0.8752 ± 0.0083,"[0.8596, 0.8916]",0.4952,0.0218,0.4559,0.5385,0.0826,0.4952 ± 0.0218,"[0.4559, 0.5385]",0.8295,0.0064,0.8166,0.8404,0.0238,0.8295 ± 0.0064,"[0.8166, 0.8404]",200,200,2000
XGB_PCA4+VQC(RY_Angle_Encoding+strongly_entangling),XGB_PCA4,xgb_pca4,5000,strongly_entangling,RY_Angle_Encoding,0.4699999999999999,1260,267,266,207,0.8588957055214724,0.49906191369606,83.3,5,0.2704,0.0014,0.268,0.2735,0.0055,0.2704 ± 0.0014,"[0.2680, 0.2735]",0.0106,0.0039,0.0041,0.0189,0.0148,0.0106 ± 0.0039,"[0.0041, 0.0189]",0.0233,0.0033,0.0171,0.0299,0.0129,0.0233 ± 0.0033,"[0.0171, 0.0299]",0.0053,0.002,0.002,0.0095,0.0075,0.0053 ± 0.0020,"[0.0020, 0.0095]",0.0,0.0,0.0,0.0,0.0,0.0000 ± 0.0000,"[0.0000, 0.0000]",1.0,0.0,1.0,1.0,0.0,1.0000 ± 0.0000,"[1.0000, 1.0000]",200,200,2000
XGB_PCA4+VQC(RY_Angle_Encoding+custom_ansatz_1),XGB_PCA4,xgb_pca4,5000,custom_ansatz_1,RY_Angle_Encoding,0.4549999999999999,1450,73,460,17,0.9884117246080436,0.8630393996247655,92.2,5,0.7632,0.0046,0.754,0.7715,0.0175,0.7632 ± 0.0046,"[0.7540, 0.7715]",0.8599,0.0025,0.8548,0.8642,0.0094,0.8599 ± 0.0025,"[0.8548, 0.8642]",0.5773,0.0149,0.5518,0.6086,0.0568,0.5773 ± 0.0149,"[0.5518, 0.6086]",0.9908,0.0027,0.985,0.9952,0.0102,0.9908 ± 0.0027,"[0.9850, 0.9952]",0.8633,0.0155,0.833,0.8968,0.0638,0.8633 ± 0.0155,"[0.8330, 0.8968]",0.7596,0.0033,0.7523,0.7661,0.0137,0.7596 ± 0.0033,"[0.7523, 0.7661]",200,200,2000
